name,cdn_number,emoji
MissingNo.,0,<:__:1477312534502441175>
Bulbasaur,1,<:__:1477312544543866900>
Ivysaur,2,<:__:1477312559899086999>
Venusaur,3,<:__:1477312567855681658>
Charmander,4,<:__:1477312577611632703>
Charmeleon,5,<:__:1477312586956537888>
Charizard,6,<:__:1477312596649447587>
Squirtle,7,<:__:1477312605004632266>
Wartortle,8,<:__:1477312611774238852>
Blastoise,9,<:__:1477312620058116267>
Caterpie,10,<:__:1477312628706771024>
Metapod,11,<:__:1477312639419023450>
Butterfree,12,<:__:1477312651033055343>
Weedle,13,<:__:1477312659979505685>
Kakuna,14,<:__:1477312668661715086>
Beedrill,15,<:__:1477312679143280773>
Pidgey,16,<:__:1477312690241405000>
Pidgeotto,17,<:__:1477312699971928235>
Pidgeot,18,<:__:1477312708364992604>
Rattata,19,<:__:1477312717961433161>
Raticate,20,<:__:1477312728078094459>
Spearow,21,<:__:1477312736101798132>
Fearow,22,<:__:1477312746386358403>
Ekans,23,<:__:1477312755093475359>
Arbok,24,<:__:1477312765759586346>
Pikachu,25,<:__:1477312775322730587>
Raichu,26,<:__:1477312785334403245>
Sandshrew,27,<:__:1477312793689591859>
Sandslash,28,<:__:1477312804003385478>
Nidoran♀️,29,<:__:1477312815412019353>
Nidorina,30,<:__:1477312825234952436>
Nidoqueen,31,<:__:1477312835867377706>
Nidoran♂️,32,<:__:1477312846076579922>
Nidorino,33,<:__:1477312857111527646>
Nidoking,34,<:__:1477312867362541763>
Clefairy,35,<:__:1477312878410338325>
Clefable,36,<:__:1477312889403605243>
Vulpix,37,<:__:1477312898098401321>
Ninetales,38,<:__:1477312907334123764>
Jigglypuff,39,<:__:1477312917497053265>
Wigglytuff,40,<:__:1477312926493835417>
Zubat,41,<:__:1477312934131662949>
Golbat,42,<:__:1477312943455735868>
Oddish,43,<:__:1477312952854909039>
Gloom,44,<:__:1477312963961425932>
Vileplume,45,<:__:1477312972475859209>
Paras,46,<:__:1477312982886125578>
Parasect,47,<:__:1477312992914833408>
Venonat,48,<:__:1477313002708402237>
Venomoth,49,<:__:1477313538879131789>
Diglett,50,<:__:1477313554536464434>
Dugtrio,51,<:__:1477313564485357713>
Meowth,52,<:__:1477313576162033714>
Persian,53,<:__:1477313587843436767>
Psyduck,54,<:__:1477313600002588893>
Golduck,55,<:__:1477313610547073174>
Mankey,56,<:__:1477313627278147807>
Primeape,57,<:__:1477313638279676116>
Growlithe,58,<:__:1477313650451677280>
Arcanine,59,<:__:1477313663064080595>
Poliwag,60,<:__:1477313676082937866>
Poliwhirl,61,<:__:1477313687755686062>
Poliwrath,62,<:__:1477313699248341154>
Abra,63,<:__:1477313708773474335>
Kadabra,64,<:__:1477313719401713894>
Alakazam,65,<:__:1477313730743107804>
Machop,66,<:__:1477313740465508514>
Machoke,67,<:__:1477313752394236026>
Machamp,68,<:__:1477313766264672329>
Bellsprout,69,<:__:1477313779850281172>
Weepinbell,70,<:__:1477313792236064943>
Victreebel,71,<:__:1477313802927210517>
Tentacool,72,<:__:1477313814553952327>
Tentacruel,73,<:__:1477313826952319134>
Geodude,74,<:__:1477313837676888235>
Graveler,75,<:__:1477313847126921398>
Golem,76,<:__:1477313860322201711>
Ponyta,77,<:__:1477313872741531800>
Rapidash,78,<:__:1477313884607221881>
Slowpoke,79,<:__:1477313896376172778>
Slowbro,80,<:__:1477313909328449657>
Magnemite,81,<:__:1477313919767806108>
Magneton,82,<:__:1477313932187275385>
Farfetch'd,83,<:__:1477313944094773259>
Doduo,84,<:__:1477313955318988830>
Dodrio,85,<:__:1477313964906905692>
Seel,86,<:__:1477313976105959476>
Dewgong,87,<:__:1477313987333849349>
Grimer,88,<:__:1477313998847344651>
Muk,89,<:__:1477314008997564571>
Shellder,90,<:__:1477314022775722016>
Cloyster,91,<:__:1477314036210073632>
Gastly,92,<:__:1477314048432275578>
Haunter,93,<:__:1477314059899768963>
Gengar,94,<:__:1477314070914007166>
Onix,95,<:__:1477314082234437663>
Drowzee,96,<:__:1477314094532005928>
Hypno,97,<:__:1477314106334777346>
Krabby,98,<:__:1477315648429494383>
Kingler,99,<:__:1477315659745595402>
Voltorb,100,<:__:1477315669858062388>
Electrode,101,<:__:1477315681786790050>
Exeggcute,102,<:__:1477315693660606586>
Exeggutor,103,<:__:1477315706340245706>
Cubone,104,<:__:1477315718914769060>
Marowak,105,<:__:1477315730755027160>
Hitmonlee,106,<:__:1477315741643444346>
Hitmonchan,107,<:__:1477315753085763717>
Lickitung,108,<:__:1477315765337325660>
Koffing,109,<:__:1477315810627158252>
Weezing,110,<:__:1477315825903079696>
Rhyhorn,111,<:__:1477315835600175116>
Rhydon,112,<:__:1477315848577220870>
Chansey,113,<:__:1477315858656395526>
Tangela,114,<:__:1477315870534668299>
Kangaskhan,115,<:__:1477315882580705451>
Horsea,116,<:__:1477315892596445225>
Seadra,117,<:__:1477315902012915885>
Goldeen,118,<:__:1477315913610170520>
Seaking,119,<:__:1477315926192816382>
Staryu,120,<:__:1477315936221532383>
Starmie,121,<:__:1477315947478913075>
Mr. Mime,122,<:__:1477315959298588762>
Scyther,123,<:__:1477315970740654231>
Jynx,124,<:__:1477315982681833614>
Electabuzz,125,<:__:1477315994505449663>
Magmar,126,<:__:1477316006178197624>
Pinsir,127,<:__:1477316018094342286>
Tauros,128,<:__:1477316030173806593>
Magikarp,129,<:__:1477316041666461707>
Gyarados,130,<:__:1477316058284036277>
Lapras,131,<:__:1477316068283515026>
Ditto,132,<:__:1477316080849518825>
Eevee,133,<:__:1477316092031402076>
Vaporeon,134,<:__:1477316103037517936>
Jolteon,135,<:__:1477316115083431997>
Flareon,136,<:__:1477316127099981854>
Porygon,137,<:__:1477316137942253730>
Omanyte,138,<:__:1477316148382007296>
Omastar,139,<:__:1477316160721784915>
Kabuto,140,<:__:1477316172973211729>
Kabutops,141,<:__:1477316184402821141>
Aerodactyl,142,<:__:1477316195697950982>
Snorlax,143,<:__:1477316207773483069>
Articuno,144,<:__:1477316218955370739>
Zapdos,145,<:__:1477316229311238145>
Moltres,146,<:__:1477316239557660765>
Dratini,147,<:__:1477316641007337614>
Dragonair,148,<:__:1477316651144712384>
Dragonite,149,<:__:1477316664264495175>
Mewtwo,150,<:__:1477316675639705813>
Mew,151,<:__:1477316689292169368>
Chikorita,152,<:__:1477316699966672967>
Bayleef,153,<:__:1477316711194820708>
Meganium,154,<:__:1477316722351407124>
Cyndaquil,155,<:__:1477316733550333973>
Quilava,156,<:__:1477316744690401403>
Typhlosion,157,<:__:1477316756489113690>
Totodile,158,<:__:1477316767998283858>
Croconaw,159,<:__:1477316779738005635>
Feraligatr,160,<:__:1477316789565263882>
Sentret,161,<:__:1477316800185106545>
Furret,162,<:__:1477316811719446724>
Hoothoot,163,<:__:1477316823891447870>
Noctowl,164,<:__:1477316834020692038>
Ledyba,165,<:__:1477316843680170006>
Ledian,166,<:__:1477316855021568084>
Spinarak,167,<:__:1477316865448742932>
Ariados,168,<:__:1477316880975790271>
Crobat,169,<:__:1477316891537178806>
Chinchou,170,<:__:1477316902815666216>
Lanturn,171,<:__:1477316914257592400>
Pichu,172,<:__:1477316926664343683>
Cleffa,173,<:__:1477316940153225226>
Igglybuff,174,<:__:1477316952169906217>
Togepi,175,<:__:1477316963587068006>
Togetic,176,<:__:1477316980842299482>
Natu,177,<:__:1477316992905248940>
Xatu,178,<:__:1477317002929639496>
Mareep,179,<:__:1477317014614839369>
Flaaffy,180,<:__:1477317026124005417>
Ampharos,181,<:__:1477317037272596582>
Bellossom,182,<:__:1477317049154928731>
Marill,183,<:__:1477317059208675556>
Azumarill,184,<:__:1477317077491650673>
Sudowoodo,185,<:__:1477317091211215140>
Politoed,186,<:__:1477317102087045131>
Hoppip,187,<:__:1477317112270819451>
Skiploom,188,<:__:1477317124417523803>
Jumpluff,189,<:__:1477317136387936367>
Aipom,190,<:__:1477317148102623252>
Sunkern,191,<:__:1477317160039747654>
Sunflora,192,<:__:1477317172622790696>
Yanma,193,<:__:1477317183964053627>
Wooper,194,<:__:1477317195003334738>
Quagsire,195,<:__:1477317205455798423>
Espeon,196,<:__:1477318494482596104>
Umbreon,197,<:__:1477318505635512481>
Murkrow,198,<:__:1477318516863537244>
Slowking,199,<:__:1477318528406262033>
Misdreavus,200,<:__:1477318540255035412>
Unown,201,<:__:1477318550770155591>
Wobbuffet,202,<:__:1477318562552221858>
Girafarig,203,<:__:1477318573553745961>
Pineco,204,<:__:1477318584261939332>
Forretress,205,<:__:1477318596463038499>
Dunsparce,206,<:__:1477318607296925757>
Gligar,207,<:__:1477318619758071830>
Steelix,208,<:__:1477318630143299800>
Snubbull,209,<:__:1477318639920218236>
Granbull,210,<:__:1477318651446034565>
Qwilfish,211,<:__:1477318662171136030>
Scizor,212,<:__:1477318675211227216>
Shuckle,213,<:__:1477318687080845342>
Heracross,214,<:__:1477318696853836077>
Sneasel,215,<:__:1477318708119605371>
Teddiursa,216,<:__:1477318719213539509>
Ursaring,217,<:__:1477318732597690368>
Slugma,218,<:__:1477318744094019648>
Magcargo,219,<:__:1477318756425404670>
Swinub,220,<:__:1477318766533672980>
Piloswine,221,<:__:1477318778411814972>
Corsola,222,<:__:1477318789388566700>
Remoraid,223,<:__:1477318799416885248>
Octillery,224,<:__:1477318809416368394>
Delibird,225,<:__:1477318819730034808>
Mantine,226,<:__:1477318830127579148>
Skarmory,227,<:__:1477318841255067812>
Houndour,228,<:__:1477318851451555840>
Houndoom,229,<:__:1477318861828132985>
Kingdra,230,<:__:1477318873572442273>
Phanpy,231,<:__:1477318885396185189>
Donphan,232,<:__:1477318898222104669>
Porygon2,233,<:__:1477318909844525159>
Stantler,234,<:__:1477318921857011753>
Smeargle,235,<:__:1477318932410142796>
Tyrogue,236,<:__:1477318944389074988>
Hitmontop,237,<:__:1477318954702606420>
Smoochum,238,<:__:1477318967415803974>
Elekid,239,<:__:1477318977490522324>
Magby,240,<:__:1477318989314003094>
Miltank,241,<:__:1477319000819236875>
Blissey,242,<:__:1477319011963375737>
Raikou,243,<:__:1477319023698903243>
Entei,244,<:__:1477319035627507744>
Suicune,245,<:__:1477319474594975746>
Larvitar,246,<:__:1477319486527897811>
Pupitar,247,<:__:1477319499366666416>
Tyranitar,248,<:__:1477319511307849829>
Lugia,249,<:__:1477319522451984607>
Ho-Oh,250,<:__:1477319534548619326>
Celebi,251,<:__:1477319545885560952>
Treecko,252,<:__:1477319555960537198>
Grovyle,253,<:__:1477319567125512283>
Sceptile,254,<:__:1477319578211188950>
Torchic,255,<:__:1477319589041012999>
Combusken,256,<:__:1477319603280674819>
Blaziken,257,<:__:1477319615720718397>
Mudkip,258,<:__:1477319626210807993>
Marshtomp,259,<:__:1477319636558151783>
Swampert,260,<:__:1477319648352665611>
Poochyena,261,<:__:1477319667113791610>
Mightyena,262,<:__:1477319677750411265>
Zigzagoon,263,<:__:1477319689452650658>
Linoone,264,<:__:1477319700110250165>
Wurmple,265,<:__:1477319711606702322>
Silcoon,266,<:__:1477319725418549318>
Beautifly,267,<:__:1477319737838145661>
Cascoon,268,<:__:1477319749699633308>
Dustox,269,<:__:1477319760503902218>
Lotad,270,<:__:1477319770696323204>
Lombre,271,<:__:1477319783178305667>
Ludicolo,272,<:__:1477319795350438030>
Seedot,273,<:__:1477319805240606975>
Nuzleaf,274,<:__:1477319817433452797>
Shiftry,275,<:__:1477319831148822780>
Taillow,276,<:__:1477319843240874027>
Swellow,277,<:__:1477319855278391537>
Wingull,278,<:__:1477319865558761502>
Pelipper,279,<:__:1477319875830612140>
Ralts,280,<:__:1477319887364952194>
Kirlia,281,<:__:1477319899306000635>
Gardevoir,282,<:__:1477319909930438717>
Surskit,283,<:__:1477319919874867210>
Masquerain,284,<:__:1477319930880725195>
Shroomish,285,<:__:1477319942473777357>
Breloom,286,<:__:1477319952125001902>
Slakoth,287,<:__:1477319963634176091>
Vigoroth,288,<:__:1477319973348184238>
Slaking,289,<:__:1477319985868308713>
Nincada,290,<:__:1477319996374908928>
Ninjask,291,<:__:1477320006483185685>
Shedinja,292,<:__:1477320016029552897>
Whismur,293,<:__:1477320033251098806>
Loudred,294,<:__:1477320138507157655>
Exploud,295,<:__:1477320149597159620>
Makuhita,296,<:__:1477320162884583518>
Hariyama,297,<:__:1477320175140339854>
Azurill,298,<:__:1477320188230897695>
Nosepass,299,<:__:1477320201203879989>
Skitty,300,<:__:1477320212918309025>
Delcatty,301,<:__:1477320224322752605>
Sableye,302,<:__:1477320236570251285>
Mawile,303,<:__:1477320246372204787>
Aron,304,<:__:1477320263187042517>
Lairon,305,<:__:1477320276222939136>
Aggron,306,<:__:1477320290039107751>
Meditite,307,<:__:1477320300881383606>
Medicham,308,<:__:1477320310872342659>
Electrike,309,<:__:1477320322486374522>
Manectric,310,<:__:1477320333408076020>
Plusle,311,<:__:1477320344170790993>
Minun,312,<:__:1477320355910652088>
Volbeat,313,<:__:1477320368736698379>
Illumise,314,<:__:1477320378748768307>
Roselia,315,<:__:1477320390299877497>
Gulpin,316,<:__:1477320400701751348>
Swalot,317,<:__:1477320412244476105>
Carvanha,318,<:__:1477320421941579786>
Sharpedo,319,<:__:1477320431508918434>
Wailmer,320,<:__:1477320441537495151>
Wailord,321,<:__:1477320451121217549>
Numel,322,<:__:1477320463532167249>
Camerupt,323,<:__:1477320474534084809>
Torkoal,324,<:__:1477320488794456064>
Spoink,325,<:__:1477320499926139015>
Grumpig,326,<:__:1477320513566277867>
Spinda,327,<:__:1477320526065307829>
Trapinch,328,<:__:1477320535632511006>
Vibrava,329,<:__:1477320547233955972>
Flygon,330,<:__:1477320559477133504>
Cacnea,331,<:__:1477320571501936791>
Cacturne,332,<:__:1477320583061573729>
Swablu,333,<:__:1477320597045379134>
Altaria,334,<:__:1477320611184509009>
Zangoose,335,<:__:1477320623305916507>
Seviper,336,<:__:1477320636102611056>
Lunatone,337,<:__:1477320646240243765>
Solrock,338,<:__:1477320656205910284>
Barboach,339,<:__:1477320666712637542>
Whiscash,340,<:__:1477320678268211302>
Corphish,341,<:__:1477320690674831360>
Crawdaunt,342,<:__:1477320704683806811>
Baltoy,343,<:__:1477320845813616764>
Claydol,344,<:__:1477320857016860804>
Lileep,345,<:__:1477320867925987348>
Cradily,346,<:__:1477320879867170977>
Anorith,347,<:__:1477320891514884271>
Armaldo,348,<:__:1477320903946670130>
Feebas,349,<:__:1477320916013944983>
Milotic,350,<:__:1477320927975837839>
Castform,351,<:__:1477320939338203156>
Kecleon,352,<:__:1477320950243524750>
Shuppet,353,<:__:1477320961958219836>
Banette,354,<:__:1477320973786288319>
Duskull,355,<:__:1477320987295875214>
Dusclops,356,<:__:1477320999010832476>
Tropius,357,<:__:1477321011870433411>
Chimecho,358,<:__:1477321022825828583>
Absol,359,<:__:1477321032670117978>
Wynaut,360,<:__:1477321044611174421>
Snorunt,361,<:__:1477321057336693030>
Glalie,362,<:__:1477321069248381133>
Spheal,363,<:__:1477321081399541860>
Sealeo,364,<:__:1477321092979888219>
Walrein,365,<:__:1477321105432907796>
Clamperl,366,<:__:1477321119705862258>
Huntail,367,<:__:1477321131185799349>
Gorebyss,368,<:__:1477321142204240094>
Relicanth,369,<:__:1477321153872793662>
Luvdisc,370,<:__:1477321165004345440>
Bagon,371,<:__:1477321176358584451>
Shelgon,372,<:__:1477321195190878239>
Salamence,373,<:__:1477321207702618162>
Beldum,374,<:__:1477321217659900029>
Metang,375,<:__:1477321232436170752>
Metagross,376,<:__:1477321243073187963>
Regirock,377,<:__:1477321261045518426>
Regice,378,<:__:1477321272315871252>
Registeel,379,<:__:1477321282658898041>
Latias,380,<:__:1477321294747013122>
Latios,381,<:__:1477321306310447124>
Kyogre,382,<:__:1477321321703542987>
Groudon,383,<:__:1477321332172652706>
Rayquaza,384,<:__:1477321345053495330>
Jirachi,385,<:__:1477321356373921922>
Deoxys,386,<:__:1477321366108635148>
Turtwig,387,<:__:1477321377739440199>
Grotle,388,<:__:1477321389534085234>
Torterra,389,<:__:1477321403538866340>
Chimchar,390,<:__:1477321413831688322>
Monferno,391,<:__:1477321423453163697>
Infernape,392,<:__:1477321481674555412>
Piplup,393,<:__:1477321494056009989>
Prinplup,394,<:__:1477321505435156682>
Empoleon,395,<:__:1477321517271613551>
Starly,396,<:__:1477321528889835694>
Staravia,397,<:__:1477321540298346577>
Staraptor,398,<:__:1477321552058912941>
Bidoof,399,<:__:1477321563828260866>
Bibarel,400,<:__:1477321576205648025>
Kricketot,401,<:__:1477321585785311322>
Kricketune,402,<:__:1477321595503644734>
Shinx,403,<:__:1477321605750456342>
Luxio,404,<:__:1477321618102423562>
Luxray,405,<:__:1477321628554891374>
Budew,406,<:__:1477321642383511602>
Roserade,407,<:__:1477321654269906994>
Cranidos,408,<:__:1477321665334739035>
Rampardos,409,<:__:1477321676222890229>
Shieldon,410,<:__:1477321687090462891>
Bastiodon,411,<:__:1477321705880817705>
Burmy,412,<:__:1477321718300147763>
Wormadam,413,<:__:1477321728525865000>
Mothim,414,<:__:1477321739644964957>
Combee,415,<:__:1477321751850651880>
Vespiquen,416,<:__:1477321764294889552>
Pachirisu,417,<:__:1477321774130532464>
Buizel,418,<:__:1477321783941140522>
Floatzel,419,<:__:1477321795895037955>
Cherubi,420,<:__:1477321807496483050>
Cherrim,421,<:__:1477321819009585206>
Shellos,422,<:__:1477321837313786029>
Gastrodon,423,<:__:1477321850890621119>
Ambipom,424,<:__:1477321862970343464>
Drifloon,425,<:__:1477321874336776365>
Drifblim,426,<:__:1477321886282027120>
Buneary,427,<:__:1477321895907950795>
Lopunny,428,<:__:1477321906213486754>
Mismagius,429,<:__:1477321917127196673>
Honchkrow,430,<:__:1477321929399603390>
Glameow,431,<:__:1477321947342704741>
Purugly,432,<:__:1477321959334350919>
Chingling,433,<:__:1477321971271205066>
Stunky,434,<:__:1477321982256353394>
Skuntank,435,<:__:1477321995191455845>
Bronzor,436,<:__:1477322005337342184>
Bronzong,437,<:__:1477322017425457336>
Bonsly,438,<:__:1477322028758335601>
Mime Jr.,439,<:__:1477322040737398885>
Happiny,440,<:__:1477322051952971786>
Chatot,441,<:__:1477322452492357752>
Spiritomb,442,<:__:1477322465125601423>
Gible,443,<:__:1477322475468619967>
Gabite,444,<:__:1477322487183184053>
Garchomp,445,<:__:1477322500042920058>
Munchlax,446,<:__:1477322511875309780>
Riolu,447,<:__:1477322523925549117>
Lucario,448,<:__:1477322535518474240>
Hippopotas,449,<:__:1477322547505660016>
Hippowdon,450,<:__:1477322559547506831>
Skorupi,451,<:__:1477322572139073677>
Drapion,452,<:__:1477322583778267262>
Croagunk,453,<:__:1477322596558176378>
Toxicroak,454,<:__:1477322606674968669>
Carnivine,455,<:__:1477322618351911145>
Finneon,456,<:__:1477322629873668197>
Lumineon,457,<:__:1477322641571577949>
Mantyke,458,<:__:1477322651562152127>
Snover,459,<:__:1477322662962532453>
Abomasnow,460,<:__:1477322677701050420>
Weavile,461,<:__:1477322694365151252>
Magnezone,462,<:__:1477322705958342717>
Lickilicky,463,<:__:1477322718289461258>
Rhyperior,464,<:__:1477322730880630866>
Tangrowth,465,<:__:1477322743509684355>
Electivire,466,<:__:1477322755438415943>
Magmortar,467,<:__:1477322768633565369>
Togekiss,468,<:__:1477322779916369980>
Yanmega,469,<:__:1477322797381587136>
Leafeon,470,<:__:1477322809939066912>
Glaceon,471,<:__:1477322820936794162>
Gliscor,472,<:__:1477322833133572236>
Mamoswine,473,<:__:1477322845154574438>
Porygon-Z,474,<:__:1477322856734920869>
Gallade,475,<:__:1477322868525109429>
Probopass,476,<:__:1477322881384845383>
Dusknoir,477,<:__:1477322893326029003>
Froslass,478,<:__:1477322904906764331>
Rotom,479,<:__:1477322916113809520>
Uxie,480,<:__:1477322928549793944>
Mesprit,481,<:__:1477322940826517524>
Azelf,482,<:__:1477322952427962439>
Dialga,483,<:__:1477322964683718819>
Palkia,484,<:__:1477322977484869713>
Heatran,485,<:__:1477322989442830497>
Regigigas,486,<:__:1477323001673420883>
Giratina,487,<:__:1477323015942443109>
Cresselia,488,<:__:1477323027460128950>
Phione,489,<:__:1477323039195529380>
Manaphy,490,<:__:1477323105306411069>
Darkrai,491,<:__:1477323115234197514>
Shaymin,492,<:__:1477323127251013662>
Arceus,493,<:__:1477323139091402762>
Victini,494,<:__:1477323149812170762>
Snivy,495,<:__:1477323159614001304>
Servine,496,<:__:1477323171500785766>
Serperior,497,<:__:1477323184016588953>
Tepig,498,<:__:1477323197111336986>
Pignite,499,<:__:1477323208762855426>
Emboar,500,<:__:1477323221383647293>
Oshawott,501,<:__:1477323233014317159>
Dewott,502,<:__:1477323244431478923>
Samurott,503,<:__:1477323256695361596>
Patrat,504,<:__:1477323268754112675>
Watchog,505,<:__:1477323280879718594>
Lillipup,506,<:__:1477323291273199637>
Herdier,507,<:__:1477323303076233236>
Stoutland,508,<:__:1477323314887131280>
Purrloin,509,<:__:1477323328099188937>
Liepard,510,<:__:1477323338815639654>
Pansage,511,<:__:1477323350400569375>
Simisage,512,<:__:1477323361699762210>
Pansear,513,<:__:1477323375117602959>
Simisear,514,<:__:1477323388732051600>
Panpour,515,<:__:1477323401113763893>
Simipour,516,<:__:1477323413835092188>
Munna,517,<:__:1477323425016975451>
Musharna,518,<:__:1477323437344162035>
Pidove,519,<:__:1477323453026799720>
Tranquill,520,<:__:1477323467014803539>
Unfezant,521,<:__:1477323479018897498>
Blitzle,522,<:__:1477323488954941561>
Zebstrika,523,<:__:1477323500132892735>
Roggenrola,524,<:__:1477323512506220646>
Boldore,525,<:__:1477323525562961941>
Gigalith,526,<:__:1477323538548392058>
Woobat,527,<:__:1477323550049173658>
Swoobat,528,<:__:1477323562036629627>
Drilbur,529,<:__:1477323573906636963>
Excadrill,530,<:__:1477323584807505920>
Audino,531,<:__:1477323596857741394>
Timburr,532,<:__:1477323610069925919>
Gurdurr,533,<:__:1477323623659208837>
Conkeldurr,534,<:__:1477323637098020864>
Tympole,535,<:__:1477323649018106101>
Palpitoad,536,<:__:1477323661370327253>
Seismitoad,537,<:__:1477323673571688593>
Throh,538,<:__:1477323686406131732>
Sawk,539,<:__:1477323752969605142>
Sewaddle,540,<:__:1477323763774259300>
Swadloon,541,<:__:1477323774742364295>
Leavanny,542,<:__:1477323784607371335>
Venipede,543,<:__:1477323797190279218>
Whirlipede,544,<:__:1477323810326974536>
Scolipede,545,<:__:1477323822553108654>
Cottonee,546,<:__:1477323834343424050>
Whimsicott,547,<:__:1477323847270268979>
Petilil,548,<:__:1477323857030418463>
Lilligant,549,<:__:1477323868124348610>
Basculin,550,<:__:1477323880426115072>
Sandile,551,<:__:1477323893902409930>
Krokorok,552,<:__:1477323905860374581>
Krookodile,553,<:__:1477323918569373939>
Darumaka,554,<:__:1477323932356055286>
Darmanitan,555,<:__:1477323943210913802>
Maractus,556,<:__:1477323956934676480>
Dwebble,557,<:__:1477323970855571516>
Crustle,558,<:__:1477323982842757293>
Scraggy,559,<:__:1477323994524029001>
Scrafty,560,<:__:1477324006678991028>
Sigilyph,561,<:__:1477324018196676620>
Yamask,562,<:__:1477324031819649064>
Cofagrigus,563,<:__:1477324043018567892>
Tirtouga,564,<:__:1477324054661959681>
Carracosta,565,<:__:1477324067068444883>
Archen,566,<:__:1477324078586269727>
Archeops,567,<:__:1477324092146323536>
Trubbish,568,<:__:1477324103181533461>
Garbodor,569,<:__:1477324115768770603>
Zorua,570,<:__:1477324127651102883>
Zoroark,571,<:__:1477324139680239699>
Minccino,572,<:__:1477324151877402804>
Cinccino,573,<:__:1477324163671916628>
Gothita,574,<:__:1477324177437360342>
Gothorita,575,<:__:1477324189491794053>
Gothitelle,576,<:__:1477324201114472509>
Solosis,577,<:__:1477324215819440140>
Duosion,578,<:__:1477324230294245407>
Reuniclus,579,<:__:1477324241438249233>
Ducklett,580,<:__:1477324251437469950>
Swanna,581,<:__:1477324262548308209>
Vanillite,582,<:__:1477324274196021351>
Vanillish,583,<:__:1477324287861067916>
Vanilluxe,584,<:__:1477324301542756474>
Deerling,585,<:__:1477324313563762878>
Sawsbuck,586,<:__:1477324325286576251>
Emolga,587,<:__:1477324336821174422>
Karrablast,588,<:__:1477324347382173851>
Escavalier,589,<:__:1477324358748733552>
Foongus,590,<:__:1477324371273187470>
Amoonguss,591,<:__:1477324383369297994>
Frillish,592,<:__:1477324395813798050>
Jellicent,593,<:__:1477324408447045894>
Alomomola,594,<:__:1477324420170252369>
Joltik,595,<:__:1477324430555348993>
Galvantula,596,<:__:1477324442911903837>
Ferroseed,597,<:__:1477324453146001428>
Ferrothorn,598,<:__:1477324464487272600>
Klink,599,<:__:1477324475602178073>
Klang,600,<:__:1477324488684081306>
Klinklang,601,<:__:1477324502860959744>
Tynamo,602,<:__:1477324514495824046>
Eelektrik,603,<:__:1477324527112290457>
Eelektross,604,<:__:1477324538621464730>
Elgyem,605,<:__:1477324550445207632>
Beheeyem,606,<:__:1477324560591491153>
Litwick,607,<:__:1477324571630633165>
Lampent,608,<:__:1477324582124785820>
Chandelure,609,<:__:1477324594036867214>
Axew,610,<:__:1477324604858040320>
Fraxure,611,<:__:1477324616736313458>
Haxorus,612,<:__:1477324628618903716>
Cubchoo,613,<:__:1477324640434127081>
Beartic,614,<:__:1477324652618584166>
Cryogonal,615,<:__:1477324666434621501>
Shelmet,616,<:__:1477324679252410368>
Accelgor,617,<:__:1477324691248124085>
Stunfisk,618,<:__:1477324702656626861>
Mienfoo,619,<:__:1477324714836758700>
Mienshao,620,<:__:1477324726417363094>
Druddigon,621,<:__:1477324740204036267>
Golett,622,<:__:1477324752715645109>
Golurk,623,<:__:1477324765487169546>
Pawniard,624,<:__:1477324780163174401>
Bisharp,625,<:__:1477324790405664874>
Bouffalant,626,<:__:1477324802460090641>
Rufflet,627,<:__:1477324813776453662>
Braviary,628,<:__:1477324825843470356>
Vullaby,629,<:__:1477324837809553521>
Mandibuzz,630,<:__:1477324850409509096>
Heatmor,631,<:__:1477324863432822945>
Durant,632,<:__:1477324874820227142>
Deino,633,<:__:1477324887365255332>
Zweilous,634,<:__:1477324901324161045>
Hydreigon,635,<:__:1477324913810604226>
Larvesta,636,<:__:1477324926720413730>
Volcarona,637,<:__:1477324940259754146>
Cobalion,638,<:__:1477324951253024920>
Terrakion,639,<:__:1477324964607819910>
Virizion,640,<:__:1477324976192487695>
Tornadus,641,<:__:1477324991505633413>
Thundurus,642,<:__:1477325003337896010>
Reshiram,643,<:__:1477325015790653675>
Zekrom,644,<:__:1477325028981739643>
Landorus,645,<:__:1477325042034413628>
Kyurem,646,<:__:1477325052277162025>
Keldeo,647,<:__:1477325062733299804>
Meloetta,648,<:__:1477325073693282507>
Genesect,649,<:__:1477325085701312685>
Chespin,650,<:__:1477325097944481984>
Quilladin,651,<:__:1477325109743063176>
Chesnaught,652,<:__:1477325122439217303>
Fennekin,653,<:__:1477325133881278475>
Braixen,654,<:__:1477325145533186200>
Delphox,655,<:__:1477325157004480645>
Froakie,656,<:__:1477325169566548102>
Frogadier,657,<:__:1477325179662237920>
Greninja,658,<:__:1477325189053288448>
Bunnelby,659,<:__:1477325200470179962>
Diggersby,660,<:__:1477325216307744848>
Fletchling,661,<:__:1477325227225514035>
Fletchinder,662,<:__:1477325239506571445>
Talonflame,663,<:__:1477325251523117107>
Scatterbug,664,<:__:1477325261484720148>
Spewpa,665,<:__:1477325272176001045>
Vivillon,666,<:__:1477325282317828226>
Litleo,667,<:__:1477325293638389802>
Pyroar,668,<:__:1477325306372165793>
Flabébé,669,<:__:1477325316329439332>
Floette,670,<:__:1477325326068482310>
Florges,671,<:__:1477325338194346085>
Skiddo,672,<:__:1477325350659690517>
Gogoat,673,<:__:1477325362416451848>
Pancham,674,<:__:1477325372986233033>
Pangoro,675,<:__:1477325383417331773>
Furfrou,676,<:__:1477325394079256711>
Espurr,677,<:__:1477325404401303704>
Meowstic,678,<:__:1477325416132771872>
Honedge,679,<:__:1477325427436552345>
Doublade,680,<:__:1477325439537250324>
Aegislash,681,<:__:1477325449854976010>
Spritzee,682,<:__:1477325461095977002>
Aromatisse,683,<:__:1477325472202494066>
Swirlix,684,<:__:1477325482679599292>
Slurpuff,685,<:__:1477325492355989624>
Inkay,686,<:__:1477325504544768122>
Malamar,687,<:__:1477325516632752198>
Binacle,688,<:__:1477325528976330869>
Barbaracle,689,<:__:1477325540611592395>
Skrelp,690,<:__:1477325552820944957>
Dragalge,691,<:__:1477325563239727134>
Clauncher,692,<:__:1477325574782451934>
Clawitzer,693,<:__:1477325586484432998>
Helioptile,694,<:__:1477325598320890142>
Heliolisk,695,<:__:1477325609083469934>
Tyrunt,696,<:__:1477325620521205954>
Tyrantrum,697,<:__:1477325632189759705>
Amaura,698,<:__:1477325642889560065>
Aurorus,699,<:__:1477325653488566408>
Sylveon,700,<:__:1477325663286460436>
Hawlucha,701,<:__:1477325674867069131>
Dedenne,702,<:__:1477325685491105983>
Carbink,703,<:__:1477325697549729802>
Goomy,704,<:__:1477325707637162119>
Sliggoo,705,<:__:1477325721788616754>
Goodra,706,<:__:1477325733687726083>
Klefki,707,<:__:1477325744991633570>
Phantump,708,<:__:1477325756613918811>
Trevenant,709,<:__:1477325767036899328>
Pumpkaboo,710,<:__:1477325779087130714>
Gourgeist,711,<:__:1477325789107323012>
Bergmite,712,<:__:1477325801581052015>
Avalugg,713,<:__:1477325811748180160>
Noibat,714,<:__:1477325822250713140>
Noivern,715,<:__:1477325833302573160>
Xerneas,716,<:__:1477325843091951708>
Yveltal,717,<:__:1477325853409939477>
Zygarde,718,<:__:1477325863468007589>
Diancie,719,<:__:1477325876168233046>
Hoopa,720,<:__:1477325888226984007>
Volcanion,721,<:__:1477325899295756359>
Rowlet,722,<:__:1477325909341114551>
Dartrix,723,<:__:1477325920368066752>
Decidueye,724,<:__:1477325931386507450>
Litten,725,<:__:1477325942358544410>
Torracat,726,<:__:1477325953167523870>
Incineroar,727,<:__:1477325964026314785>
Popplio,728,<:__:1477325974029996042>
Brionne,729,<:__:1477325985996345344>
Primarina,730,<:__:1477325997807374479>
Pikipek,731,<:__:1477326007143764114>
Trumbeak,732,<:__:1477326017629782057>
Toucannon,733,<:__:1477326027729404004>
Yungoos,734,<:__:1477326038097858712>
Gumshoos,735,<:__:1477326049330069756>
Grubbin,736,<:__:1477326058909860090>
Charjabug,737,<:__:1477326069538357330>
Vikavolt,738,<:__:1477326081156579561>
Crabrawler,739,<:__:1477326092644909127>
Crabominable,740,<:__:1477326103415750686>
Oricorio,741,<:__:1477326113406451818>
Cutiefly,742,<:__:1477326123699535873>
Ribombee,743,<:__:1477326133996552374>
Rockruff,744,<:__:1477326143836258404>
Lycanroc,745,<:__:1477326153592209511>
Wishiwashi,746,<:__:1477326163658539138>
Mareanie,747,<:__:1477326174765191360>
Toxapex,748,<:__:1477326184558755952>
Mudbray,749,<:__:1477326195757420819>
Mudsdale,750,<:__:1477326207937937562>
Dewpider,751,<:__:1477326220122128566>
Araquanid,752,<:__:1477326232575152279>
Fomantis,753,<:__:1477326242758922342>
Lurantis,754,<:__:1477326257929715742>
Morelull,755,<:__:1477326268390441104>
Shiinotic,756,<:__:1477326279219871856>
Salandit,757,<:__:1477326289844310036>
Salazzle,758,<:__:1477326301634232330>
Stufful,759,<:__:1477326313655373824>
Bewear,760,<:__:1477326325315408045>
Bounsweet,761,<:__:1477326336648548563>
Steenee,762,<:__:1477326347884953672>
Tsareena,763,<:__:1477326357737377842>
Comfey,764,<:__:1477326369170915419>
Oranguru,765,<:__:1477326381888049394>
Passimian,766,<:__:1477326392126607431>
Wimpod,767,<:__:1477326403643899945>
Golisopod,768,<:__:1477326413290934415>
Sandygast,769,<:__:1477326423659384965>
Palossand,770,<:__:1477326434958577766>
Pyukumuku,771,<:__:1477326446769995932>
Type: Null,772,<:__:1477326459164033046>
Silvally,773,<:__:1477326469267980319>
Minior,774,<:__:1477326481318482190>
Komala,775,<:__:1477326492982841395>
Turtonator,776,<:__:1477326504814842048>
Togedemaru,777,<:__:1477326515124572250>
Mimikyu,778,<:__:1477326525295759465>
Bruxish,779,<:__:1477326535525662751>
Drampa,780,<:__:1477326547508527135>
Dhelmise,781,<:__:1477326559739117680>
Jangmo-o,782,<:__:1477326570317283338>
Hakamo-o,783,<:__:1477326583101657229>
Kommo-o,784,<:__:1477326592467402887>
Tapu Koko,785,<:__:1477326604404396186>
Tapu Lele,786,<:__:1477326617289293979>
Tapu Bulu,787,<:__:1477326628647600361>
Tapu Fini,788,<:__:1477326639225372815>
Cosmog,789,<:__:1477326650860503090>
Cosmoem,790,<:__:1477326663196086488>
Solgaleo,791,<:__:1477326678676996251>
Lunala,792,<:__:1477326688055591134>
Nihilego,793,<:__:1477326700235984908>
Buzzwole,794,<:__:1477326711644360854>
Pheromosa,795,<:__:1477326722625179843>
Xurkitree,796,<:__:1477326733421314108>
Celesteela,797,<:__:1477326746000036022>
Kartana,798,<:__:1477326756741513479>
Guzzlord,799,<:__:1477326768942747669>
Necrozma,800,<:__:1477326779277512898>
Magearna,801,<:__:1477326790262259774>
Marshadow,802,<:__:1477326802275008736>
Poipole,803,<:__:1477326813276672070>
Naganadel,804,<:__:1477326823443529871>
Stakataka,805,<:__:1477326836261195896>
Blacephalon,806,<:__:1477326846935699550>
Zeraora,807,<:__:1477326858042347693>
Meltan,808,<:__:1477326869501313044>
Melmetal,809,<:__:1477326881425457324>
Grookey,810,<:__:1477326892142170193>
Thwackey,811,<:__:1477326902191722627>
Rillaboom,812,<:__:1477326912396333280>
Scorbunny,813,<:__:1477326922588487821>
Raboot,814,<:__:1477326932378124349>
Cinderace,815,<:__:1477326943119736894>
Sobble,816,<:__:1477326954356281354>
Drizzile,817,<:__:1477326964519079989>
Inteleon,818,<:__:1477326976766185692>
Skwovet,819,<:__:1477326988615356439>
Greedent,820,<:__:1477327001365774527>
Rookidee,821,<:__:1477327013470539928>
Corvisquire,822,<:__:1477327024895954944>
Corviknight,823,<:__:1477327036602384480>
Blipbug,824,<:__:1477327046869782550>
Dottler,825,<:__:1477327057305210931>
Orbeetle,826,<:__:1477327075710079050>
Nickit,827,<:__:1477327087621767292>
Thievul,828,<:__:1477327100364193855>
Gossifleur,829,<:__:1477327112460566720>
Eldegoss,830,<:__:1477327122992336908>
Wooloo,831,<:__:1477327135638294528>
Dubwool,832,<:__:1477327148258955447>
Chewtle,833,<:__:1477327159390503004>
Drednaw,834,<:__:1477327169264025651>
Yamper,835,<:__:1477327178717728941>
Boltund,836,<:__:1477327189488828519>
Rolycoly,837,<:__:1477327200230441125>
Carkol,838,<:__:1477327210938634343>
Coalossal,839,<:__:1477327220954628278>
Applin,840,<:__:1477327231876464856>
Flapple,841,<:__:1477327243163205713>
Appletun,842,<:__:1477327255699980443>
Silicobra,843,<:__:1477327267070873642>
Sandaconda,844,<:__:1477327279234351155>
Cramorant,845,<:__:1477327290961629419>
Arrokuda,846,<:__:1477327302106026208>
Barraskewda,847,<:__:1477327312713289892>
Toxel,848,<:__:1477327324822241373>
Amped Toxtricity,849,<:__:1477327336922943528>
Sizzlipede,850,<:__:1477327347488264204>
Centiskorch,851,<:__:1477327359144099860>
Clobbopus,852,<:__:1477327369575338076>
Grapploct,853,<:__:1477327386059079752>
Sinistea,854,<:__:1477327398008520784>
Polteageist,855,<:__:1477327410407014604>
Hatenna,856,<:__:1477327420406108373>
Hattrem,857,<:__:1477327431932182672>
Hatterene,858,<:__:1477327442103238870>
Impidimp,859,<:__:1477327454795206793>
Morgrem,860,<:__:1477327467042701524>
Grimmsnarl,861,<:__:1477327478610726983>
Obstagoon,862,<:__:1477327490748907825>
Perrserker,863,<:__:1477327503566573648>
Cursola,864,<:__:1477327515755483236>
Sirfetch'd,865,<:__:1477327527557992628>
Mr. Rime,866,<:__:1477327538639605885>
Runerigus,867,<:__:1477327550379462838>
Milcery,868,<:__:1477327561536176190>
Alcremie,869,<:__:1477327573607256246>
Falinks,870,<:__:1477327586513129673>
Pincurchin,871,<:__:1477327597536018617>
Snom,872,<:__:1477327607992156262>
Frosmoth,873,<:__:1477327619543273476>
Stonjourner,874,<:__:1477327632063266930>
Eiscue,875,<:__:1477327643299811440>
Indeedee,876,<:__:1477327653538238646>
Morpeko,877,<:__:1477327664598483139>
Cufant,878,<:__:1477327676690665574>
Copperajah,879,<:__:1477327688451752009>
Dracozolt,880,<:__:1477327699839160504>
Arctozolt,881,<:__:1477327711037947988>
Dracovish,882,<:__:1477327720986841281>
Arctovish,883,<:__:1477327730902040677>
Duraludon,884,<:__:1477327742591701092>
Dreepy,885,<:__:1477327752498512065>
Drakloak,886,<:__:1477327764334969044>
Dragapult,887,<:__:1477327776376819887>
Zacian,888,<:__:1477327788112482324>
Zamazenta,889,<:__:1477327798862610452>
Eternatus,890,<:__:1477327811596255263>
Kubfu,891,<:__:1477327822019104859>
Urshifu,892,<:__:1477327833943642126>
Zarude,893,<:__:1477327845670916296>
Regieleki,894,<:__:1477327856639021259>
Regidrago,895,<:__:1477327868186071102>
Glastrier,896,<:__:1477327879275679906>
Spectrier,897,<:__:1477327890017288410>
Calyrex,898,<:__:1477327901887041706>
Wyrdeer,899,<:__:1477327913329234051>
Kleavor,900,<:__:1477327925484327005>
Ursaluna,901,<:__:1477327937501139217>
Basculegion,902,<:__:1477327949702365277>
Sneasler,903,<:__:1477327961484169338>
Overqwil,904,<:__:1477327973806772235>
Enamorus,905,<:__:1477327986301862020>
Sprigatito,906,<:__:1477327997269839973>
Floragato,907,<:__:1477328008305184879>
Meowscarada,908,<:__:1477328019797311652>
Fuecoco,909,<:__:1477328031810064525>
Crocalor,910,<:__:1477328042329243821>
Skeledirge,911,<:__:1477328053863710830>
Quaxly,912,<:__:1477328064613453916>
Quaxwell,913,<:__:1477328074214342728>
Quaquaval,914,<:__:1477328083554926710>
Lechonk,915,<:__:1477328095240519773>
Oinkologne,916,<:__:1477328107366125690>
Tarountula,917,<:__:1477328118497804513>
Spidops,918,<:__:1477328131000897688>
Nymble,919,<:__:1477328141453361393>
Lokix,920,<:__:1477328153100947579>
Pawmi,921,<:__:1477328164966367424>
Pawmo,922,<:__:1477328176978985030>
Pawmot,923,<:__:1477328188517515408>
Tandemaus,924,<:__:1477328199904923749>
Maushold,925,<:__:1477328211154309120>
Fidough,926,<:__:1477328222420078643>
Dachsbun,927,<:__:1477328236433244170>
Smoliv,928,<:__:1477328246029942949>
Dolliv,929,<:__:1477328257673330688>
Arboliva,930,<:__:1477328269731827855>
Squawkabilly,931,<:__:1477328280897196155>
Nacli,932,<:__:1477328292699832391>
Naclstack,933,<:__:1477328304771170430>
Garganacl,934,<:__:1477328316338929917>
Charcadet,935,<:__:1477328326426104011>
Armarouge,936,<:__:1477328336706470120>
Ceruledge,937,<:__:1477328347527647234>
Tadbulb,938,<:__:1477328358873497721>
Bellibolt,939,<:__:1477328371187974264>
Wattrel,940,<:__:1477328382554538116>
Kilowattrel,941,<:__:1477328393493282957>
Maschiff,942,<:__:1477328403408621760>
Mabosstiff,943,<:__:1477328413743251680>
Shroodle,944,<:__:1477328424740720741>
Grafaiai,945,<:__:1477328435360567398>
Bramblin,946,<:__:1477328447058739394>
Brambleghast,947,<:__:1477328459494854857>
Toedscool,948,<:__:1477328469921759234>
Toedscruel,949,<:__:1477328480210386944>
Klawf,950,<:__:1477328490075521292>
Capsakid,951,<:__:1477328502054457375>
Scovillain,952,<:__:1477328513848578070>
Rellor,953,<:__:1477328525030850560>
Rabsca,954,<:__:1477328534530818213>
Flittle,955,<:__:1477328546614476924>
Espathra,956,<:__:1477328558685683743>
Tinkatink,957,<:__:1477328569309855937>
Tinkatuff,958,<:__:1477328581884383404>
Tinkaton,959,<:__:1477328591942324290>
Wiglett,960,<:__:1477328601274781781>
Wugtrio,961,<:__:1477328613505368074>
Bombirdier,962,<:__:1477328623253061795>
Finizen,963,<:__:1477328633570787501>
Palafin,964,<:__:1477328643452829850>
Varoom,965,<:__:1477328654940770546>
Revavroom,966,<:__:1477328667079082070>
Cyclizar,967,<:__:1477328677493669898>
Orthworm,968,<:__:1477328689409556544>
Glimmet,969,<:__:1477328705171882125>
Glimmora,970,<:__:1477328715838128129>
Greavard,971,<:__:1477328727695167599>
Houndstone,972,<:__:1477328740387258488>
Flamigo,973,<:__:1477328750587809792>
Cetoddle,974,<:__:1477328760268259501>
Cetitan,975,<:__:1477328769885929564>
Veluza,976,<:__:1477328781340315748>
Dondozo,977,<:__:1477328793243750520>
Tatsugiri,978,<:__:1477328804472033400>
Annihilape,979,<:__:1477328816488583351>
Clodsire,980,<:__:1477328826978664611>
Farigiraf,981,<:__:1477328837141594222>
Dudunsparce,982,<:__:1477328846952075458>
Kingambit,983,<:__:1477328860352745684>
Great Tusk,984,<:__:1477328871035633787>
Scream Tail,985,<:__:1477328883261898782>
Brute Bonnet,986,<:__:1477328893806510161>
Flutter Mane,987,<:__:1477328903763787848>
Slither Wing,988,<:__:1477328915793186836>
Sandy Shocks,989,<:__:1477328927830708307>
Iron Treads,990,<:__:1477328938937356479>
Iron Bundle,991,<:__:1477328948466815091>
Iron Hands,992,<:__:1477328959523000454>
Iron Jugulis,993,<:__:1477328971182903466>
Iron Moth,994,<:__:1477328981295501464>
Iron Thorns,995,<:__:1477328993073107015>
Frigibax,996,<:__:1477329003999133736>
Arctibax,997,<:__:1477329015823143028>
Baxcalibur,998,<:__:1477329026044399851>
Gimmighoul,999,<:__:1477329035930370189>
Gholdengo,1000,<:__:1477329047330619442>
Wo-Chien,1001,<:__:1477329057610993716>
Chien-Pao,1002,<:__:1477329067928981517>
Ting-Lu,1003,<:__:1477329079924691127>
Chi-Yu,1004,<:__:1477329091215626290>
Roaring Moon,1005,<:__:1477329104327147610>
Iron Valiant,1006,<:__:1477329114485493913>
Koraidon,1007,<:__:1477329124912795831>
Miraidon,1008,<:__:1477329136052863039>
Walking Wake,1009,<:__:1477329148669071571>
Iron Leaves,1010,<:__:1477329158983122986>
Dipplin,1011,<:__:1477329168898457851>
Poltchageist,1012,<:__:1477329179350401271>
Sinistcha,1013,<:__:1477329189857132715>
Okidogi,1014,<:__:1477329199449640982>
Munkidori,1015,<:__:1477329210988167369>
Fezandipiti,1016,<:__:1477329220232282184>
Ogerpon,1017,<:__:1477329238817247272>
Archaludon,1018,<:__:1477329248405684276>
Hydrapple,1019,<:__:1477329260556320798>
Gouging Fire,1020,<:__:1477329273265324193>
Raging Bolt,1021,<:__:1477329285315428454>
Iron Boulder,1022,<:__:1477329295302201374>
Iron Crown,1023,<:__:1477329306182090824>
Terapagos,1024,<:__:1477329317758500878>
Pecharunt,1025,<:__:1477329327808053311>
Attack Deoxys,10001,<:__:1477329340021870706>
Defense Deoxys,10002,<:__:1477329350880657418>
Speed Deoxys,10003,<:__:1477329362654204071>
Sandy Wormadam,10004,<:__:1477329373169455135>
Trash Wormadam,10005,<:__:1477329385336999936>
Sky Shaymin,10006,<:__:1477329396754026589>
Origin Giratina,10007,<:__:1477329409345196183>
Heat Rotom,10008,<:__:1477329426826920107>
Wash Rotom,10009,<:__:1477329439124885739>
Frost Rotom,10010,<:__:1477329451745542369>
Fan Rotom,10011,<:__:1477329462579167396>
Mow Rotom,10012,<:__:1477329472905547927>
Sunny Castform,10013,<:__:1477329485362888898>
Rainy Castform,10014,<:__:1477329497412866251>
Snowy Castform,10015,<:__:1477329509702439144>
Blue-Striped Basculin,10016,<:__:1477329519420641421>
Zen Darmanitan,10017,<:__:1477329531365753087>
Pirouette Meloetta,10018,<:__:1477329543567114504>
Therian Tornadus,10019,<:__:1477329556095504548>
Therian Thundurus,10020,<:__:1477329566262366398>
Therian Landorus,10021,<:__:1477329579269034294>
Black Kyurem,10022,<:__:1477329589674967060>
White Kyurem,10023,<:__:1477329599800152196>
Resolute Keldeo,10024,<:__:1477329611472769158>
Blade Aegislash,10026,<:__:1477329621736230974>
Mega Venusaur,10033,<:__:1477329636684726294>
Mega Charizard X,10034,<:__:1477329649909370982>
Mega Charizard Y,10035,<:__:1477329660692922542>
Mega Blastoise,10036,<:__:1477329673397469276>
Mega Alakazam,10037,<:__:1477329685712211968>
Mega Gengar,10038,<:__:1477329697263063195>
Mega Kangaskhan,10039,<:__:1477329710357807236>
Mega Pinsir,10040,<:__:1477329721397350451>
Mega Gyarados,10041,<:__:1477329733833326612>
Mega Aerodactyl,10042,<:__:1477329745325592576>
Mega Mewtwo X,10043,<:__:1477329756583231650>
Mega Mewtwo Y,10044,<:__:1477329767433900053>
Mega Ampharos,10045,<:__:1477329779236536503>
Mega Scizor,10046,<:__:1477329791618388058>
Mega Heracross,10047,<:__:1477329801864806570>
Mega Houndoom,10048,<:__:1477329812753354877>
Mega Tyranitar,10049,<:__:1477329824946192566>
Mega Blaziken,10050,<:__:1477329835696066671>
Mega Gardevoir,10051,<:__:1477329845259210832>
Mega Mawile,10052,<:__:1477329857028554822>
Mega Aggron,10053,<:__:1477329868504043552>
Mega Medicham,10054,<:__:1477329880839356551>
Mega Manectric,10055,<:__:1477329892776480779>
Mega Banette,10056,<:__:1477329903627141243>
Mega Absol,10057,<:__:1477329913588744284>
Mega Garchomp,10058,<:__:1477329925131468951>
Mega Lucario,10059,<:__:1477329937051549770>
Mega Abomasnow,10060,<:__:1477329947210154196>
Mega Latias,10062,<:__:1477329958232784996>
Mega Latios,10063,<:__:1477329969884692510>
Mega Swampert,10064,<:__:1477329979825197226>
Mega Sceptile,10065,<:__:1477329992236138536>
Mega Sableye,10066,<:__:1477330003300581536>
Mega Altaria,10067,<:__:1477330013291282473>
Mega Gallade,10068,<:__:1477330025077280850>
Mega Audino,10069,<:__:1477330036666404885>
Mega Sharpedo,10070,<:__:1477330046858297487>
Mega Slowbro,10071,<:__:1477330058015277198>
Mega Steelix,10072,<:__:1477330069646086246>
Mega Pidgeot,10073,<:__:1477330079800361123>
Mega Glalie,10074,<:__:1477330092131745929>
Mega Diancie,10075,<:__:1477330104525918270>
Mega Metagross,10076,<:__:1477330115439362262>
Primal Kyogre,10077,<:__:1477330127401521193>
Primal Groudon,10078,<:__:1477330137480560815>
Mega Rayquaza,10079,<:__:1477330148322705590>
Hoopa Unbound,10086,<:__:1477330160490512717>
Mega Camerupt,10087,<:__:1477330171827847208>
Mega Lopunny,10088,<:__:1477330183303336106>
Mega Salamence,10089,<:__:1477330192941977600>
Mega Beedrill,10090,<:__:1477330203071086713>
Alolan Rattata,10091,<:__:1477330213766561944>
Alolan Raticate,10092,<:__:1477330225003237539>
Alolan Raichu,10100,<:__:1477330237313388625>
Alolan Sandshrew,10101,<:__:1477330247455346898>
Alolan Sandslash,10102,<:__:1477330258628972665>
Alolan Vulpix,10103,<:__:1477330270397927465>
Alolan Ninetales,10104,<:__:1477330282406219846>
Alolan Diglett,10105,<:__:1477330292602831001>
Alolan Dugtrio,10106,<:__:1477330304807993615>
Alolan Meowth,10107,<:__:1477330313909899387>
Alolan Persian,10108,<:__:1477330326479962244>
Alolan Geodude,10109,<:__:1477330338303836333>
Alolan Graveler,10110,<:__:1477330348537938072>
Alolan Golem,10111,<:__:1477330359652716684>
Alolan Grimer,10112,<:__:1477330371409346642>
Alolan Muk,10113,<:__:1477330383673491630>
Alolan Exeggutor,10114,<:__:1477330395241644152>
Alolan Marowak,10115,<:__:1477330405278613706>
10% Zygarde,10118,<:__:1477330416821342310>
Complete Zygarde,10120,<:__:1477330427411693712>
Pom-pom Oricorio,10123,<:__:1477330438920863960>
Pa'u Oricorio,10124,<:__:1477330451365630053>
Sensu Oricorio,10125,<:__:1477330462157443072>
Midnight Lycanroc,10126,<:__:1477330474668916807>
School Wishiwashi,10127,<:__:1477330484529860781>
Red Meteor Minior,10130,<:__:1477330496655720500>
Orange Meteor Minior,10131,<:__:1477330508483530843>
Yellow Meteor Minior,10132,<:__:1477330520089170071>
Green Meteor Minior,10133,<:__:1477330531686547487>
Blue Meteor Minior,10134,<:__:1477330541706612761>
Indigo Meteor Minior,10135,<:__:1477330552527917066>
Violet Meteor Minior,10136,<:__:1477330563240165406>
Red Core Minior,10137,<:__:1477330575286206619>
Orange Core Minior,10138,<:__:1477330588284227747>
Yellow Core Minior,10139,<:__:1477330600137588934>
Green Core Minior,10140,<:__:1477330611961073839>
Blue Core Minior,10141,<:__:1477330622640029777>
Indigo Core Minior,10142,<:__:1477330633096167456>
Original Magearna,10147,<:__:1477330642994987158>
Dusk Lycanroc,10152,<:__:1477330653291872288>
Dusk Mane Necrozma,10155,<:__:1477330668668194976>
Dawn Wings Necrozma,10156,<:__:1477330680567566366>
Ultra Necrozma,10157,<:__:1477330691481010427>
Galarian Meowth,10158,<:__:1477330702138867752>
Galarian Ponyta,10159,<:__:1477330713966547136>
Galarian Rapidash,10160,<:__:1477330726465703956>
Galarian Slowpoke,10161,<:__:1477330738041847899>
Galarian Slowbro,10162,<:__:1477330750113189954>
Galarian Farfetch'd,10163,<:__:1477330759990902804>
Galarian Weezing,10164,<:__:1477330770086330622>
Galarian Mr. Mime,10165,<:__:1477330780647854262>
Galarian Articuno,10166,<:__:1477330792127660257>
Galarian Zapdos,10167,<:__:1477330803779174561>
Galarian Moltres,10168,<:__:1477330815955238963>
Galarian Slowking,10169,<:__:1477330826197860352>
Galarian Corsola,10170,<:__:1477330838109683766>
Galarian Zigzagoon,10171,<:__:1477330848565956730>
Galarian Linoone,10172,<:__:1477330860738088961>
Galarian Darumaka,10173,<:__:1477330872880599040>
Galarian Darmanitan,10174,<:__:1477330886222675998>
Galarian Zen Darmanitan,10175,<:__:1477330896049930456>
Galarian Yamask,10176,<:__:1477330908100034689>
Galarian Stunfisk,10177,<:__:1477330918963286139>
Low Key Toxtricity,10178,<:__:1477330930031919105>
Noice Face Eiscue,10179,<:__:1477330940173746372>
Crowned Zacian,10181,<:__:1477330952295551139>
Crowned Zamazenta,10182,<:__:1477330961879404624>
Rapid Strike Urshifu,10183,<:__:1477330973027729590>
Ice Rider Calyrex,10184,<:__:1477330983220154501>
Shadow Rider Calyrex,10185,<:__:1477330995383636173>
Gigantamax Venusaur,10186,<:__:1477331006427238450>
Gigantamax Charizard,10187,<:__:1477331017458122993>
Gigantamax Blastoise,10188,<:__:1477331027637698745>
Gigantamax Butterfree,10189,<:__:1477331039675486431>
Gigantamax Pikachu,10190,<:__:1477331050370826240>
Gigantamax Meowth,10191,<:__:1477331061666222344>
Gigantamax Machamp,10192,<:__:1477331073913323520>
Gigantamax Gengar,10193,<:__:1477331084277715159>
Gigantamax Kingler,10194,<:__:1477331095493021872>
Gigantamax Lapras,10195,<:__:1477331109342875892>
Gigantamax Eevee,10196,<:__:1477331120378089664>
Gigantamax Snorlax,10197,<:__:1477331130800672838>
Gigantamax Garbodor,10198,<:__:1477331144809775187>
Gigantamax Melmetal,10199,<:__:1477331158109913200>
Gigantamax Rillaboom,10200,<:__:1477331169380008016>
Gigantamax Cinderace,10201,<:__:1477331181996343457>
Gigantamax Inteleon,10202,<:__:1477331196471017646>
Gigantamax Corviknight,10203,<:__:1477331208663990334>
Gigantamax Orbeetle,10204,<:__:1477331220638466241>
Gigantamax Drednaw,10205,<:__:1477331234072952872>
Gigantamax Coalossal,10206,<:__:1477331246735425697>
Gigantamax Flapple,10207,<:__:1477331256739106927>
Gigantamax Appletun,10208,<:__:1477331268533485802>
Gigantamax Sandaconda,10209,<:__:1477331281112076471>
Gigantamax Amped Toxtricity,10210,<:__:1477331293258645564>
Gigantamax Centiskorch,10211,<:__:1477331303652134997>
Gigantamax Hatterene,10212,<:__:1477331315794907147>
Gigantamax Grimmsnarl,10213,<:__:1477331325122904085>
Gigantamax Alcremie,10214,<:__:1477331335105347738>
Gigantamax Copperajah,10215,<:__:1477331347227021473>
Gigantamax Duraludon,10216,<:__:1477331359449219284>
Eternamax Eternatus,10217,<:__:1477331369133604895>
Gigantamax Single Strike Urshifu,10218,<:__:1477331380701757593>
Gigantamax Rapid Strike Urshifu,10219,<:__:1477331392990941526>
Gigantamax Low Key Toxtricity,10220,<:__:1477331405171327111>
Hisuian Growlithe,10221,<:__:1477331416776966226>
Hisuian Arcanine,10222,<:__:1477331429527654533>
Hisuian Voltorb,10223,<:__:1477331441426890885>
Hisuian Electrode,10224,<:__:1477331452155924512>
Hisuian Typhlosion,10225,<:__:1477331464050835487>
Hisuian Qwilfish,10226,<:__:1477331476046549022>
Hisuian Sneasel,10227,<:__:1477331488180535549>
Hisuian Samurott,10228,<:__:1477331499773857977>
Hisuian Lilligant,10229,<:__:1477331510968193134>
Hisuian Zorua,10230,<:__:1477331522246803569>
Hisuian Zoroark,10231,<:__:1477331535748141299>
Hisuian Braviary,10232,<:__:1477331547572015184>
Hisuian Sliggoo,10233,<:__:1477331559207014555>
Hisuian Goodra,10234,<:__:1477331569965535356>
Hisuian Avalugg,10235,<:__:1477331582540054709>
Hisuian Decidueye,10236,<:__:1477331594980229120>
Origin Palkia,10237,<:__:1477331605386301541>
Origin Dialga,10238,<:__:1477331618824716360>
Partner Pikachu,10239,<:__:1477331630610841752>
Partner Eevee,10240,<:__:1477331647509565717>
Gulping Cramorant,10243,<:__:1477331658150641755>
Gorging Cramorant,10244,<:__:1477331668594458739>
Hangry Morpeko,10245,<:__:1477331680854544544>
Dada Zarude,10246,<:__:1477331690904092703>
White-Striped Basculin,10247,<:__:1477331701373075549>
Therian Enamorus,10249,<:__:1477331713033244782>
Combat Breed Tauros,10250,<:__:1477331724995264734>
Blaze Breed Tauros,10251,<:__:1477331737360072705>
Aqua Breed Tauros,10252,<:__:1477331748051222650>
Paldean Wooper,10253,<:__:1477331762303467540>
Three-Segment Dudunsparce,10255,<:__:1477331773338812628>
Hero Palafin,10256,<:__:1477331783136579842>
Family of Three Maushold,10257,<:__:1477331794557931582>
Droopy Tatsugiri,10258,<:__:1477331806062772420>
Stretchy Tatsugiri,10259,<:__:1477331817521479871>
Blue Plumage Squawkabilly,10260,<:__:1477331828997361898>
Yellow Plumage Squawkabilly,10261,<:__:1477331838790926359>
White Plumage Squawkabilly,10262,<:__:1477331850581246093>
Roaming Gimmighoul,10263,<:__:1477331862082027551>
Sprinting Build Koraidon,10265,<:__:1477331872152420555>
Gliding Build Koraidon,10267,<:__:1477331883581767844>
Drive Mode Miraidon,10269,<:__:1477331892876349625>
Glide Mode Miraidon,10271,<:__:1477331902783553740>
Bloodmoon Ursaluna,10272,<:__:1477331913860583435>
Wellspring Mask Ogerpon,10273,<:__:1477331924619100330>
Hearthflame Mask Ogerpon,10274,<:__:1477331936052642055>
Cornerstone Mask Ogerpon,10275,<:__:1477331947524063377>
Terastal Terapagos,10276,<:__:1477331957716222104>
Unown A,10278,<:__:1477331968244056106>
Unown B,10279,<:__:1477331978914369606>
Unown C,10280,<:__:1477331988703744083>
Unown D,10281,<:__:1477331998673473578>
Unown E,10282,<:__:1477332008966553780>
Unown G,10283,<:__:1477332019670286478>
Unown H,10284,<:__:1477332031099637871>
Unown I,10285,<:__:1477332042076127482>
Unown J,10286,<:__:1477332052209565758>
Unown K,10287,<:__:1477332063995559936>
Unown L,10288,<:__:1477332076284870676>
Unown M,10289,<:__:1477332087496249448>
Unown N,10290,<:__:1477332098997293229>
Unown O,10291,<:__:1477332108509974793>
Unown P,10292,<:__:1477332119477944342>
Unown Q,10293,<:__:1477332131288977459>
Unown R,10294,<:__:1477332141200380046>
Unown S,10295,<:__:1477332151946182716>
Unown T,10296,<:__:1477332162469433535>
Unown U,10297,<:__:1477332173806899421>
Unown V,10298,<:__:1477332184720212200>
Unown W,10299,<:__:1477332194807648309>
Unown X,10300,<:__:1477332204773314650>
Unown Y,10301,<:__:1477332214755758232>
Unown Z,10302,<:__:1477332225836978229>
Unown Exclamation,10303,<:__:1477332236138184734>
Unown Question,10304,<:__:1477332246942974225>
Yellow Flower Flabébé,10305,<:__:1477332258036908156>
Orange Flower Flabébé,10306,<:__:1477332270070108180>
Blue Flower Flabébé,10307,<:__:1477332281525014598>
White Flower Flabébé,10308,<:__:1477332292438331393>
Yellow Flower Floette,10309,<:__:1477332303985246262>
Orange Flower Floette,10310,<:__:1477332314919932152>
Blue Flower Floette,10311,<:__:1477332326546407604>
White Flower Floette,10312,<:__:1477332337946525746>
Yellow Flower Florges,10313,<:__:1477332347346223147>
Orange Flower Florges,10314,<:__:1477332357781651476>
Blue Flower Florges,10315,<:__:1477332368678322358>
White Flower Florges,10316,<:__:1477332380229435464>
Spiky-eared Pichu,10317,<:__:1477332390350291138>
Sunshine Cherrim,10318,<:__:1477332404275380254>
East Sea Shellos,10319,<:__:1477332416556171334>
East Sea Gastrodon,10320,<:__:1477332433278996684>
Icy Snow Vivillon,10321,<:__:1477332443420823742>
Polar Vivillon,10322,<:__:1477332455404077209>
Tundra Vivillon,10323,<:__:1477332465633857709>
Continental Vivillon,10324,<:__:1477332477449076896>
Garden Vivillon,10325,<:__:1477332489377943613>
Elegant Vivillon,10326,<:__:1477332501268533278>
Modern Vivillon,10327,<:__:1477332513683669032>
Marine Vivillon,10328,<:__:1477332523687350322>
Archipelago Vivillon,10329,<:__:1477332534546272397>
High Plain Vivillon,10330,<:__:1477332546323877949>
Sandstorm Vivillon,10331,<:__:1477332556235018415>
River Vivillon,10332,<:__:1477332566661922947>
Monsoon Vivillon,10333,<:__:1477332578993438904>
Savanna Vivillon,10334,<:__:1477332588380160042>
Sun Vivillon,10335,<:__:1477332601248153772>
Ocean Vivillon,10336,<:__:1477332611813871697>
Jungle Vivillon,10337,<:__:1477332622047969382>
Fancy Vivillon,10338,<:__:1477332639735091392>
Poké Ball Vivillon,10339,<:__:1477332656688730162>
Summer Deerling,10340,<:__:1477332668810133565>
Autumn Deerling,10341,<:__:1477332679899742279>
Winter Deerling,10342,<:__:1477332691916554431>
Summer Sawsbuck,10343,<:__:1477332703350231154>
Autumn Sawsbuck,10344,<:__:1477332713378676948>
Winter Sawsbuck,10345,<:__:1477332724640387284>
Neutral Xerneas,10346,<:__:1477332734883139586>
Bug Arceus,10347,<:__:1477332746983571598>
Dark Arceus,10348,<:__:1477332763349876922>
Dragon Arceus,10349,<:__:1477332774972293240>
Electric Arceus,10350,<:__:1477332786544119810>
Fighting Arceus,10351,<:__:1477332797461889035>
Fire Arceus,10352,<:__:1477332809004744774>
Flying Arceus,10353,<:__:1477332820635418756>
Ghost Arceus,10354,<:__:1477332832220090400>
Grass Arceus,10355,<:__:1477332842718691401>
Ground Arceus,10356,<:__:1477332852864581895>
Ice Arceus,10357,<:__:1477332863924830249>
Poison Arceus,10358,<:__:1477332874167455977>
Psychic Arceus,10359,<:__:1477332885806649455>
Rock Arceus,10360,<:__:1477332897429061806>
Steel Arceus,10361,<:__:1477332909294751876>
Water Arceus,10362,<:__:1477332919843557499>
Fairy Arceus,10363,<:__:1477332931335688202>
Bug Silvally,10364,<:__:1477332941251154091>
Dark Silvally,10365,<:__:1477332952626233374>
Dragon Silvally,10366,<:__:1477332963426308249>
Electric Silvally,10367,<:__:1477332974859980820>
Fighting Silvally,10368,<:__:1477332986365214951>
Fire Silvally,10369,<:__:1477332996062187520>
Flying Silvally,10370,<:__:1477333007705575526>
Ghost Silvally,10371,<:__:1477333019348963328>
Grass Silvally,10372,<:__:1477333031156056187>
Ground Silvally,10373,<:__:1477333041742479533>
Ice Silvally,10374,<:__:1477333053683667126>
Poison Silvally,10375,<:__:1477333065742287153>
Psychic Silvally,10376,<:__:1477333077234548848>
Rock Silvally,10377,<:__:1477333088496386184>
Steel Silvally,10378,<:__:1477333099300786348>
Water Silvally,10379,<:__:1477333111296757952>
Fairy Silvally,10380,<:__:1477333122587562166>
Heart Trim Furfrou,10381,<:__:1477333132645765172>
Star Trim Furfrou,10382,<:__:1477333142263042062>
Diamond Trim Furfrou,10383,<:__:1477333152098812246>
Debutante Trim Furfrou,10384,<:__:1477333169517625435>
Matron Trim Furfrou,10385,<:__:1477333179668103350>
Dandy Trim Furfrou,10386,<:__:1477333190447202384>
La Reine Trim Furfrou,10387,<:__:1477333200815788175>
Kabuki Trim Furfrou,10388,<:__:1477333211724906680>
Pharaoh Trim Furfrou,10389,<:__:1477333222420512799>
Vanilla Cream Berry Sweet Alcremie,10398,<:__:1477333234852434092>
Vanilla Cream Love Sweet Alcremie,10407,<:__:1477333246705402018>
Vanilla Cream Star Sweet Alcremie,10416,<:__:1477333259066015886>
Vanilla Cream Clover Sweet Alcremie,10425,<:__:1477333268968898790>
Vanilla Cream Flower Sweet Alcremie,10434,<:__:1477333278590500895>
Vanilla Cream Ribbon Sweet Alcremie,10443,<:__:1477333290154459268>
Sandy Burmy,10452,<:__:1477333302611546287>
Trash Burmy,10453,<:__:1477333314292682987>
Zygarde Cell,20000,<:__:1477333324807536661>
Zygarde Core,20001,<:__:1477333335674978334>
Zenith Marshadow,20002,<:__:1477333346236235798>
Battle Cyclizar,20003,<:__:1477333356856344658>
Ride Cyclizar,20004,<:__:1477333367467802821>
High-speed Flight Configuration Genesect,20005,<:__:1477333379262447779>
Rotom Pokédex,20006,<:__:1477333391488716880>
Rotom Phone,20007,<:__:1477333403845005524>
Rotom Drone,20008,<:__:1477333414083559456>
Violet Core Minior,20009,<:__:1477333426368679936>
