name,server_name,server_id
MissingNo.,James dreamland,1195297086921506817
Bulbasaur,James dreamland,1195297086921506817
Ivysaur,James dreamland,1195297086921506817
Venusaur,James dreamland,1195297086921506817
Charmander,James dreamland,1195297086921506817
Charmeleon,James dreamland,1195297086921506817
Charizard,James dreamland,1195297086921506817
Squirtle,James dreamland,1195297086921506817
Wartortle,James dreamland,1195297086921506817
Blastoise,James dreamland,1195297086921506817
Caterpie,James dreamland,1195297086921506817
Metapod,James dreamland,1195297086921506817
Butterfree,James dreamland,1195297086921506817
Weedle,James dreamland,1195297086921506817
Kakuna,James dreamland,1195297086921506817
Beedrill,James dreamland,1195297086921506817
Pidgey,James dreamland,1195297086921506817
Pidgeotto,James dreamland,1195297086921506817
Pidgeot,James dreamland,1195297086921506817
Rattata,James dreamland,1195297086921506817
Raticate,James dreamland,1195297086921506817
Spearow,James dreamland,1195297086921506817
Fearow,James dreamland,1195297086921506817
Ekans,James dreamland,1195297086921506817
Arbok,James dreamland,1195297086921506817
Pikachu,James dreamland,1195297086921506817
Raichu,James dreamland,1195297086921506817
Sandshrew,James dreamland,1195297086921506817
Sandslash,James dreamland,1195297086921506817
Nidoran♀️,James dreamland,1195297086921506817
Nidorina,James dreamland,1195297086921506817
Nidoqueen,James dreamland,1195297086921506817
Nidoran♂️,James dreamland,1195297086921506817
Nidorino,James dreamland,1195297086921506817
Nidoking,James dreamland,1195297086921506817
Clefairy,James dreamland,1195297086921506817
Clefable,James dreamland,1195297086921506817
Vulpix,James dreamland,1195297086921506817
Ninetales,James dreamland,1195297086921506817
Jigglypuff,James dreamland,1195297086921506817
Wigglytuff,James dreamland,1195297086921506817
Zubat,James dreamland,1195297086921506817
Golbat,James dreamland,1195297086921506817
Oddish,James dreamland,1195297086921506817
Gloom,James dreamland,1195297086921506817
Vileplume,James dreamland,1195297086921506817
Paras,James dreamland,1195297086921506817
Parasect,James dreamland,1195297086921506817
Venonat,James dreamland,1195297086921506817
Venomoth,MeowthMischief ★,1195297929011937331
Diglett,MeowthMischief ★,1195297929011937331
Dugtrio,MeowthMischief ★,1195297929011937331
Meowth,MeowthMischief ★,1195297929011937331
Persian,MeowthMischief ★,1195297929011937331
Psyduck,MeowthMischief ★,1195297929011937331
Golduck,MeowthMischief ★,1195297929011937331
Mankey,MeowthMischief ★,1195297929011937331
Primeape,MeowthMischief ★,1195297929011937331
Growlithe,MeowthMischief ★,1195297929011937331
Arcanine,MeowthMischief ★,1195297929011937331
Poliwag,MeowthMischief ★,1195297929011937331
Poliwhirl,MeowthMischief ★,1195297929011937331
Poliwrath,MeowthMischief ★,1195297929011937331
Abra,MeowthMischief ★,1195297929011937331
Kadabra,MeowthMischief ★,1195297929011937331
Alakazam,MeowthMischief ★,1195297929011937331
Machop,MeowthMischief ★,1195297929011937331
Machoke,MeowthMischief ★,1195297929011937331
Machamp,MeowthMischief ★,1195297929011937331
Bellsprout,MeowthMischief ★,1195297929011937331
Weepinbell,MeowthMischief ★,1195297929011937331
Victreebel,MeowthMischief ★,1195297929011937331
Tentacool,MeowthMischief ★,1195297929011937331
Tentacruel,MeowthMischief ★,1195297929011937331
Geodude,MeowthMischief ★,1195297929011937331
Graveler,MeowthMischief ★,1195297929011937331
Golem,MeowthMischief ★,1195297929011937331
Ponyta,MeowthMischief ★,1195297929011937331
Rapidash,MeowthMischief ★,1195297929011937331
Slowpoke,MeowthMischief ★,1195297929011937331
Slowbro,MeowthMischief ★,1195297929011937331
Magnemite,MeowthMischief ★,1195297929011937331
Magneton,MeowthMischief ★,1195297929011937331
Farfetch'd,MeowthMischief ★,1195297929011937331
Doduo,MeowthMischief ★,1195297929011937331
Dodrio,MeowthMischief ★,1195297929011937331
Seel,MeowthMischief ★,1195297929011937331
Dewgong,MeowthMischief ★,1195297929011937331
Grimer,MeowthMischief ★,1195297929011937331
Muk,MeowthMischief ★,1195297929011937331
Shellder,MeowthMischief ★,1195297929011937331
Cloyster,MeowthMischief ★,1195297929011937331
Gastly,MeowthMischief ★,1195297929011937331
Haunter,MeowthMischief ★,1195297929011937331
Gengar,MeowthMischief ★,1195297929011937331
Onix,MeowthMischief ★,1195297929011937331
Drowzee,MeowthMischief ★,1195297929011937331
Hypno,MeowthMischief ★,1195297929011937331
Krabby,Shiny Den,1195395658715250728
Kingler,Shiny Den,1195395658715250728
Voltorb,Shiny Den,1195395658715250728
Electrode,Shiny Den,1195395658715250728
Exeggcute,Shiny Den,1195395658715250728
Exeggutor,Shiny Den,1195395658715250728
Cubone,Shiny Den,1195395658715250728
Marowak,Shiny Den,1195395658715250728
Hitmonlee,Shiny Den,1195395658715250728
Hitmonchan,Shiny Den,1195395658715250728
Lickitung,Shiny Den,1195395658715250728
Koffing,Shiny Den,1195395658715250728
Weezing,Shiny Den,1195395658715250728
Rhyhorn,Shiny Den,1195395658715250728
Rhydon,Shiny Den,1195395658715250728
Chansey,Shiny Den,1195395658715250728
Tangela,Shiny Den,1195395658715250728
Kangaskhan,Shiny Den,1195395658715250728
Horsea,Shiny Den,1195395658715250728
Seadra,Shiny Den,1195395658715250728
Goldeen,Shiny Den,1195395658715250728
Seaking,Shiny Den,1195395658715250728
Staryu,Shiny Den,1195395658715250728
Starmie,Shiny Den,1195395658715250728
Mr. Mime,Shiny Den,1195395658715250728
Scyther,Shiny Den,1195395658715250728
Jynx,Shiny Den,1195395658715250728
Electabuzz,Shiny Den,1195395658715250728
Magmar,Shiny Den,1195395658715250728
Pinsir,Shiny Den,1195395658715250728
Tauros,Shiny Den,1195395658715250728
Magikarp,Shiny Den,1195395658715250728
Gyarados,Shiny Den,1195395658715250728
Lapras,Shiny Den,1195395658715250728
Ditto,Shiny Den,1195395658715250728
Eevee,Shiny Den,1195395658715250728
Vaporeon,Shiny Den,1195395658715250728
Jolteon,Shiny Den,1195395658715250728
Flareon,Shiny Den,1195395658715250728
Porygon,Shiny Den,1195395658715250728
Omanyte,Shiny Den,1195395658715250728
Omastar,Shiny Den,1195395658715250728
Kabuto,Shiny Den,1195395658715250728
Kabutops,Shiny Den,1195395658715250728
Aerodactyl,Shiny Den,1195395658715250728
Snorlax,Shiny Den,1195395658715250728
Articuno,Shiny Den,1195395658715250728
Zapdos,Shiny Den,1195395658715250728
Moltres,Shiny Den,1195395658715250728
Dratini,Team Rocket Skyscraper,1196008510413094952
Dragonair,Team Rocket Skyscraper,1196008510413094952
Dragonite,Team Rocket Skyscraper,1196008510413094952
Mewtwo,Team Rocket Skyscraper,1196008510413094952
Mew,Team Rocket Skyscraper,1196008510413094952
Chikorita,Team Rocket Skyscraper,1196008510413094952
Bayleef,Team Rocket Skyscraper,1196008510413094952
Meganium,Team Rocket Skyscraper,1196008510413094952
Cyndaquil,Team Rocket Skyscraper,1196008510413094952
Quilava,Team Rocket Skyscraper,1196008510413094952
Typhlosion,Team Rocket Skyscraper,1196008510413094952
Totodile,Team Rocket Skyscraper,1196008510413094952
Croconaw,Team Rocket Skyscraper,1196008510413094952
Feraligatr,Team Rocket Skyscraper,1196008510413094952
Sentret,Team Rocket Skyscraper,1196008510413094952
Furret,Team Rocket Skyscraper,1196008510413094952
Hoothoot,Team Rocket Skyscraper,1196008510413094952
Noctowl,Team Rocket Skyscraper,1196008510413094952
Ledyba,Team Rocket Skyscraper,1196008510413094952
Ledian,Team Rocket Skyscraper,1196008510413094952
Spinarak,Team Rocket Skyscraper,1196008510413094952
Ariados,Team Rocket Skyscraper,1196008510413094952
Crobat,Team Rocket Skyscraper,1196008510413094952
Chinchou,Team Rocket Skyscraper,1196008510413094952
Lanturn,Team Rocket Skyscraper,1196008510413094952
Pichu,Team Rocket Skyscraper,1196008510413094952
Cleffa,Team Rocket Skyscraper,1196008510413094952
Igglybuff,Team Rocket Skyscraper,1196008510413094952
Togepi,Team Rocket Skyscraper,1196008510413094952
Togetic,Team Rocket Skyscraper,1196008510413094952
Natu,Team Rocket Skyscraper,1196008510413094952
Xatu,Team Rocket Skyscraper,1196008510413094952
Mareep,Team Rocket Skyscraper,1196008510413094952
Flaaffy,Team Rocket Skyscraper,1196008510413094952
Ampharos,Team Rocket Skyscraper,1196008510413094952
Bellossom,Team Rocket Skyscraper,1196008510413094952
Marill,Team Rocket Skyscraper,1196008510413094952
Azumarill,Team Rocket Skyscraper,1196008510413094952
Sudowoodo,Team Rocket Skyscraper,1196008510413094952
Politoed,Team Rocket Skyscraper,1196008510413094952
Hoppip,Team Rocket Skyscraper,1196008510413094952
Skiploom,Team Rocket Skyscraper,1196008510413094952
Jumpluff,Team Rocket Skyscraper,1196008510413094952
Aipom,Team Rocket Skyscraper,1196008510413094952
Sunkern,Team Rocket Skyscraper,1196008510413094952
Sunflora,Team Rocket Skyscraper,1196008510413094952
Yanma,Team Rocket Skyscraper,1196008510413094952
Wooper,Team Rocket Skyscraper,1196008510413094952
Quagsire,Team Rocket Skyscraper,1196008510413094952
Espeon,Doraemon And Nobita,1196802488825815143
Umbreon,Doraemon And Nobita,1196802488825815143
Murkrow,Doraemon And Nobita,1196802488825815143
Slowking,Doraemon And Nobita,1196802488825815143
Misdreavus,Doraemon And Nobita,1196802488825815143
Unown,Doraemon And Nobita,1196802488825815143
Wobbuffet,Doraemon And Nobita,1196802488825815143
Girafarig,Doraemon And Nobita,1196802488825815143
Pineco,Doraemon And Nobita,1196802488825815143
Forretress,Doraemon And Nobita,1196802488825815143
Dunsparce,Doraemon And Nobita,1196802488825815143
Gligar,Doraemon And Nobita,1196802488825815143
Steelix,Doraemon And Nobita,1196802488825815143
Snubbull,Doraemon And Nobita,1196802488825815143
Granbull,Doraemon And Nobita,1196802488825815143
Qwilfish,Doraemon And Nobita,1196802488825815143
Scizor,Doraemon And Nobita,1196802488825815143
Shuckle,Doraemon And Nobita,1196802488825815143
Heracross,Doraemon And Nobita,1196802488825815143
Sneasel,Doraemon And Nobita,1196802488825815143
Teddiursa,Doraemon And Nobita,1196802488825815143
Ursaring,Doraemon And Nobita,1196802488825815143
Slugma,Doraemon And Nobita,1196802488825815143
Magcargo,Doraemon And Nobita,1196802488825815143
Swinub,Doraemon And Nobita,1196802488825815143
Piloswine,Doraemon And Nobita,1196802488825815143
Corsola,Doraemon And Nobita,1196802488825815143
Remoraid,Doraemon And Nobita,1196802488825815143
Octillery,Doraemon And Nobita,1196802488825815143
Delibird,Doraemon And Nobita,1196802488825815143
Mantine,Doraemon And Nobita,1196802488825815143
Skarmory,Doraemon And Nobita,1196802488825815143
Houndour,Doraemon And Nobita,1196802488825815143
Houndoom,Doraemon And Nobita,1196802488825815143
Kingdra,Doraemon And Nobita,1196802488825815143
Phanpy,Doraemon And Nobita,1196802488825815143
Donphan,Doraemon And Nobita,1196802488825815143
Porygon2,Doraemon And Nobita,1196802488825815143
Stantler,Doraemon And Nobita,1196802488825815143
Smeargle,Doraemon And Nobita,1196802488825815143
Tyrogue,Doraemon And Nobita,1196802488825815143
Hitmontop,Doraemon And Nobita,1196802488825815143
Smoochum,Doraemon And Nobita,1196802488825815143
Elekid,Doraemon And Nobita,1196802488825815143
Magby,Doraemon And Nobita,1196802488825815143
Miltank,Doraemon And Nobita,1196802488825815143
Blissey,Doraemon And Nobita,1196802488825815143
Raikou,Doraemon And Nobita,1196802488825815143
Entei,Doraemon And Nobita,1196802488825815143
Suicune,Meowth's Incenses,1211318741871370331
Larvitar,Meowth's Incenses,1211318741871370331
Pupitar,Meowth's Incenses,1211318741871370331
Tyranitar,Meowth's Incenses,1211318741871370331
Lugia,Meowth's Incenses,1211318741871370331
Ho-Oh,Meowth's Incenses,1211318741871370331
Celebi,Meowth's Incenses,1211318741871370331
Treecko,Meowth's Incenses,1211318741871370331
Grovyle,Meowth's Incenses,1211318741871370331
Sceptile,Meowth's Incenses,1211318741871370331
Torchic,Meowth's Incenses,1211318741871370331
Combusken,Meowth's Incenses,1211318741871370331
Blaziken,Meowth's Incenses,1211318741871370331
Mudkip,Meowth's Incenses,1211318741871370331
Marshtomp,Meowth's Incenses,1211318741871370331
Swampert,Meowth's Incenses,1211318741871370331
Poochyena,Meowth's Incenses,1211318741871370331
Mightyena,Meowth's Incenses,1211318741871370331
Zigzagoon,Meowth's Incenses,1211318741871370331
Linoone,Meowth's Incenses,1211318741871370331
Wurmple,Meowth's Incenses,1211318741871370331
Silcoon,Meowth's Incenses,1211318741871370331
Beautifly,Meowth's Incenses,1211318741871370331
Cascoon,Meowth's Incenses,1211318741871370331
Dustox,Meowth's Incenses,1211318741871370331
Lotad,Meowth's Incenses,1211318741871370331
Lombre,Meowth's Incenses,1211318741871370331
Ludicolo,Meowth's Incenses,1211318741871370331
Seedot,Meowth's Incenses,1211318741871370331
Nuzleaf,Meowth's Incenses,1211318741871370331
Shiftry,Meowth's Incenses,1211318741871370331
Taillow,Meowth's Incenses,1211318741871370331
Swellow,Meowth's Incenses,1211318741871370331
Wingull,Meowth's Incenses,1211318741871370331
Pelipper,Meowth's Incenses,1211318741871370331
Ralts,Meowth's Incenses,1211318741871370331
Kirlia,Meowth's Incenses,1211318741871370331
Gardevoir,Meowth's Incenses,1211318741871370331
Surskit,Meowth's Incenses,1211318741871370331
Masquerain,Meowth's Incenses,1211318741871370331
Shroomish,Meowth's Incenses,1211318741871370331
Breloom,Meowth's Incenses,1211318741871370331
Slakoth,Meowth's Incenses,1211318741871370331
Vigoroth,Meowth's Incenses,1211318741871370331
Slaking,Meowth's Incenses,1211318741871370331
Nincada,Meowth's Incenses,1211318741871370331
Ninjask,Meowth's Incenses,1211318741871370331
Shedinja,Meowth's Incenses,1211318741871370331
Whismur,Meowth's Incenses,1211318741871370331
Loudred,Chikorita server,1346443843670904853
Exploud,Chikorita server,1346443843670904853
Makuhita,Chikorita server,1346443843670904853
Hariyama,Chikorita server,1346443843670904853
Azurill,Chikorita server,1346443843670904853
Nosepass,Chikorita server,1346443843670904853
Skitty,Chikorita server,1346443843670904853
Delcatty,Chikorita server,1346443843670904853
Sableye,Chikorita server,1346443843670904853
Mawile,Chikorita server,1346443843670904853
Aron,Chikorita server,1346443843670904853
Lairon,Chikorita server,1346443843670904853
Aggron,Chikorita server,1346443843670904853
Meditite,Chikorita server,1346443843670904853
Medicham,Chikorita server,1346443843670904853
Electrike,Chikorita server,1346443843670904853
Manectric,Chikorita server,1346443843670904853
Plusle,Chikorita server,1346443843670904853
Minun,Chikorita server,1346443843670904853
Volbeat,Chikorita server,1346443843670904853
Illumise,Chikorita server,1346443843670904853
Roselia,Chikorita server,1346443843670904853
Gulpin,Chikorita server,1346443843670904853
Swalot,Chikorita server,1346443843670904853
Carvanha,Chikorita server,1346443843670904853
Sharpedo,Chikorita server,1346443843670904853
Wailmer,Chikorita server,1346443843670904853
Wailord,Chikorita server,1346443843670904853
Numel,Chikorita server,1346443843670904853
Camerupt,Chikorita server,1346443843670904853
Torkoal,Chikorita server,1346443843670904853
Spoink,Chikorita server,1346443843670904853
Grumpig,Chikorita server,1346443843670904853
Spinda,Chikorita server,1346443843670904853
Trapinch,Chikorita server,1346443843670904853
Vibrava,Chikorita server,1346443843670904853
Flygon,Chikorita server,1346443843670904853
Cacnea,Chikorita server,1346443843670904853
Cacturne,Chikorita server,1346443843670904853
Swablu,Chikorita server,1346443843670904853
Altaria,Chikorita server,1346443843670904853
Zangoose,Chikorita server,1346443843670904853
Seviper,Chikorita server,1346443843670904853
Lunatone,Chikorita server,1346443843670904853
Solrock,Chikorita server,1346443843670904853
Barboach,Chikorita server,1346443843670904853
Whiscash,Chikorita server,1346443843670904853
Corphish,Chikorita server,1346443843670904853
Crawdaunt,Chikorita server,1346443843670904853
Baltoy,TeamRocket Hideout,1349646566448693312
Claydol,TeamRocket Hideout,1349646566448693312
Lileep,TeamRocket Hideout,1349646566448693312
Cradily,TeamRocket Hideout,1349646566448693312
Anorith,TeamRocket Hideout,1349646566448693312
Armaldo,TeamRocket Hideout,1349646566448693312
Feebas,TeamRocket Hideout,1349646566448693312
Milotic,TeamRocket Hideout,1349646566448693312
Castform,TeamRocket Hideout,1349646566448693312
Kecleon,TeamRocket Hideout,1349646566448693312
Shuppet,TeamRocket Hideout,1349646566448693312
Banette,TeamRocket Hideout,1349646566448693312
Duskull,TeamRocket Hideout,1349646566448693312
Dusclops,TeamRocket Hideout,1349646566448693312
Tropius,TeamRocket Hideout,1349646566448693312
Chimecho,TeamRocket Hideout,1349646566448693312
Absol,TeamRocket Hideout,1349646566448693312
Wynaut,TeamRocket Hideout,1349646566448693312
Snorunt,TeamRocket Hideout,1349646566448693312
Glalie,TeamRocket Hideout,1349646566448693312
Spheal,TeamRocket Hideout,1349646566448693312
Sealeo,TeamRocket Hideout,1349646566448693312
Walrein,TeamRocket Hideout,1349646566448693312
Clamperl,TeamRocket Hideout,1349646566448693312
Huntail,TeamRocket Hideout,1349646566448693312
Gorebyss,TeamRocket Hideout,1349646566448693312
Relicanth,TeamRocket Hideout,1349646566448693312
Luvdisc,TeamRocket Hideout,1349646566448693312
Bagon,TeamRocket Hideout,1349646566448693312
Shelgon,TeamRocket Hideout,1349646566448693312
Salamence,TeamRocket Hideout,1349646566448693312
Beldum,TeamRocket Hideout,1349646566448693312
Metang,TeamRocket Hideout,1349646566448693312
Metagross,TeamRocket Hideout,1349646566448693312
Regirock,TeamRocket Hideout,1349646566448693312
Regice,TeamRocket Hideout,1349646566448693312
Registeel,TeamRocket Hideout,1349646566448693312
Latias,TeamRocket Hideout,1349646566448693312
Latios,TeamRocket Hideout,1349646566448693312
Kyogre,TeamRocket Hideout,1349646566448693312
Groudon,TeamRocket Hideout,1349646566448693312
Rayquaza,TeamRocket Hideout,1349646566448693312
Jirachi,TeamRocket Hideout,1349646566448693312
Deoxys,TeamRocket Hideout,1349646566448693312
Turtwig,TeamRocket Hideout,1349646566448693312
Grotle,TeamRocket Hideout,1349646566448693312
Torterra,TeamRocket Hideout,1349646566448693312
Chimchar,TeamRocket Hideout,1349646566448693312
Monferno,TeamRocket Hideout,1349646566448693312
Infernape,Torrent Quaxly,1363784317763063828
Piplup,Torrent Quaxly,1363784317763063828
Prinplup,Torrent Quaxly,1363784317763063828
Empoleon,Torrent Quaxly,1363784317763063828
Starly,Torrent Quaxly,1363784317763063828
Staravia,Torrent Quaxly,1363784317763063828
Staraptor,Torrent Quaxly,1363784317763063828
Bidoof,Torrent Quaxly,1363784317763063828
Bibarel,Torrent Quaxly,1363784317763063828
Kricketot,Torrent Quaxly,1363784317763063828
Kricketune,Torrent Quaxly,1363784317763063828
Shinx,Torrent Quaxly,1363784317763063828
Luxio,Torrent Quaxly,1363784317763063828
Luxray,Torrent Quaxly,1363784317763063828
Budew,Torrent Quaxly,1363784317763063828
Roserade,Torrent Quaxly,1363784317763063828
Cranidos,Torrent Quaxly,1363784317763063828
Rampardos,Torrent Quaxly,1363784317763063828
Shieldon,Torrent Quaxly,1363784317763063828
Bastiodon,Torrent Quaxly,1363784317763063828
Burmy,Torrent Quaxly,1363784317763063828
Wormadam,Torrent Quaxly,1363784317763063828
Mothim,Torrent Quaxly,1363784317763063828
Combee,Torrent Quaxly,1363784317763063828
Vespiquen,Torrent Quaxly,1363784317763063828
Pachirisu,Torrent Quaxly,1363784317763063828
Buizel,Torrent Quaxly,1363784317763063828
Floatzel,Torrent Quaxly,1363784317763063828
Cherubi,Torrent Quaxly,1363784317763063828
Cherrim,Torrent Quaxly,1363784317763063828
Shellos,Torrent Quaxly,1363784317763063828
Gastrodon,Torrent Quaxly,1363784317763063828
Ambipom,Torrent Quaxly,1363784317763063828
Drifloon,Torrent Quaxly,1363784317763063828
Drifblim,Torrent Quaxly,1363784317763063828
Buneary,Torrent Quaxly,1363784317763063828
Lopunny,Torrent Quaxly,1363784317763063828
Mismagius,Torrent Quaxly,1363784317763063828
Honchkrow,Torrent Quaxly,1363784317763063828
Glameow,Torrent Quaxly,1363784317763063828
Purugly,Torrent Quaxly,1363784317763063828
Chingling,Torrent Quaxly,1363784317763063828
Stunky,Torrent Quaxly,1363784317763063828
Skuntank,Torrent Quaxly,1363784317763063828
Bronzor,Torrent Quaxly,1363784317763063828
Bronzong,Torrent Quaxly,1363784317763063828
Bonsly,Torrent Quaxly,1363784317763063828
Mime Jr.,Torrent Quaxly,1363784317763063828
Happiny,Torrent Quaxly,1363784317763063828
Chatot,Rowlet panic,1363819203756425438
Spiritomb,Rowlet panic,1363819203756425438
Gible,Rowlet panic,1363819203756425438
Gabite,Rowlet panic,1363819203756425438
Garchomp,Rowlet panic,1363819203756425438
Munchlax,Rowlet panic,1363819203756425438
Riolu,Rowlet panic,1363819203756425438
Lucario,Rowlet panic,1363819203756425438
Hippopotas,Rowlet panic,1363819203756425438
Hippowdon,Rowlet panic,1363819203756425438
Skorupi,Rowlet panic,1363819203756425438
Drapion,Rowlet panic,1363819203756425438
Croagunk,Rowlet panic,1363819203756425438
Toxicroak,Rowlet panic,1363819203756425438
Carnivine,Rowlet panic,1363819203756425438
Finneon,Rowlet panic,1363819203756425438
Lumineon,Rowlet panic,1363819203756425438
Mantyke,Rowlet panic,1363819203756425438
Snover,Rowlet panic,1363819203756425438
Abomasnow,Rowlet panic,1363819203756425438
Weavile,Rowlet panic,1363819203756425438
Magnezone,Rowlet panic,1363819203756425438
Lickilicky,Rowlet panic,1363819203756425438
Rhyperior,Rowlet panic,1363819203756425438
Tangrowth,Rowlet panic,1363819203756425438
Electivire,Rowlet panic,1363819203756425438
Magmortar,Rowlet panic,1363819203756425438
Togekiss,Rowlet panic,1363819203756425438
Yanmega,Rowlet panic,1363819203756425438
Leafeon,Rowlet panic,1363819203756425438
Glaceon,Rowlet panic,1363819203756425438
Gliscor,Rowlet panic,1363819203756425438
Mamoswine,Rowlet panic,1363819203756425438
Porygon-Z,Rowlet panic,1363819203756425438
Gallade,Rowlet panic,1363819203756425438
Probopass,Rowlet panic,1363819203756425438
Dusknoir,Rowlet panic,1363819203756425438
Froslass,Rowlet panic,1363819203756425438
Rotom,Rowlet panic,1363819203756425438
Uxie,Rowlet panic,1363819203756425438
Mesprit,Rowlet panic,1363819203756425438
Azelf,Rowlet panic,1363819203756425438
Dialga,Rowlet panic,1363819203756425438
Palkia,Rowlet panic,1363819203756425438
Heatran,Rowlet panic,1363819203756425438
Regigigas,Rowlet panic,1363819203756425438
Giratina,Rowlet panic,1363819203756425438
Cresselia,Rowlet panic,1363819203756425438
Phione,Rowlet panic,1363819203756425438
Manaphy,Black 1,1378317792310333511
Darkrai,Black 1,1378317792310333511
Shaymin,Black 1,1378317792310333511
Arceus,Black 1,1378317792310333511
Victini,Black 1,1378317792310333511
Snivy,Black 1,1378317792310333511
Servine,Black 1,1378317792310333511
Serperior,Black 1,1378317792310333511
Tepig,Black 1,1378317792310333511
Pignite,Black 1,1378317792310333511
Emboar,Black 1,1378317792310333511
Oshawott,Black 1,1378317792310333511
Dewott,Black 1,1378317792310333511
Samurott,Black 1,1378317792310333511
Patrat,Black 1,1378317792310333511
Watchog,Black 1,1378317792310333511
Lillipup,Black 1,1378317792310333511
Herdier,Black 1,1378317792310333511
Stoutland,Black 1,1378317792310333511
Purrloin,Black 1,1378317792310333511
Liepard,Black 1,1378317792310333511
Pansage,Black 1,1378317792310333511
Simisage,Black 1,1378317792310333511
Pansear,Black 1,1378317792310333511
Simisear,Black 1,1378317792310333511
Panpour,Black 1,1378317792310333511
Simipour,Black 1,1378317792310333511
Munna,Black 1,1378317792310333511
Musharna,Black 1,1378317792310333511
Pidove,Black 1,1378317792310333511
Tranquill,Black 1,1378317792310333511
Unfezant,Black 1,1378317792310333511
Blitzle,Black 1,1378317792310333511
Zebstrika,Black 1,1378317792310333511
Roggenrola,Black 1,1378317792310333511
Boldore,Black 1,1378317792310333511
Gigalith,Black 1,1378317792310333511
Woobat,Black 1,1378317792310333511
Swoobat,Black 1,1378317792310333511
Drilbur,Black 1,1378317792310333511
Excadrill,Black 1,1378317792310333511
Audino,Black 1,1378317792310333511
Timburr,Black 1,1378317792310333511
Gurdurr,Black 1,1378317792310333511
Conkeldurr,Black 1,1378317792310333511
Tympole,Black 1,1378317792310333511
Palpitoad,Black 1,1378317792310333511
Seismitoad,Black 1,1378317792310333511
Throh,Black 1,1378317792310333511
Sawk,Black 2,1378318607523778610
Sewaddle,Black 2,1378318607523778610
Swadloon,Black 2,1378318607523778610
Leavanny,Black 2,1378318607523778610
Venipede,Black 2,1378318607523778610
Whirlipede,Black 2,1378318607523778610
Scolipede,Black 2,1378318607523778610
Cottonee,Black 2,1378318607523778610
Whimsicott,Black 2,1378318607523778610
Petilil,Black 2,1378318607523778610
Lilligant,Black 2,1378318607523778610
Basculin,Black 2,1378318607523778610
Sandile,Black 2,1378318607523778610
Krokorok,Black 2,1378318607523778610
Krookodile,Black 2,1378318607523778610
Darumaka,Black 2,1378318607523778610
Darmanitan,Black 2,1378318607523778610
Maractus,Black 2,1378318607523778610
Dwebble,Black 2,1378318607523778610
Crustle,Black 2,1378318607523778610
Scraggy,Black 2,1378318607523778610
Scrafty,Black 2,1378318607523778610
Sigilyph,Black 2,1378318607523778610
Yamask,Black 2,1378318607523778610
Cofagrigus,Black 2,1378318607523778610
Tirtouga,Black 2,1378318607523778610
Carracosta,Black 2,1378318607523778610
Archen,Black 2,1378318607523778610
Archeops,Black 2,1378318607523778610
Trubbish,Black 2,1378318607523778610
Garbodor,Black 2,1378318607523778610
Zorua,Black 2,1378318607523778610
Zoroark,Black 2,1378318607523778610
Minccino,Black 2,1378318607523778610
Cinccino,Black 2,1378318607523778610
Gothita,Black 2,1378318607523778610
Gothorita,Black 2,1378318607523778610
Gothitelle,Black 2,1378318607523778610
Solosis,Black 2,1378318607523778610
Duosion,Black 2,1378318607523778610
Reuniclus,Black 2,1378318607523778610
Ducklett,Black 2,1378318607523778610
Swanna,Black 2,1378318607523778610
Vanillite,Black 2,1378318607523778610
Vanillish,Black 2,1378318607523778610
Vanilluxe,Black 2,1378318607523778610
Deerling,Black 2,1378318607523778610
Sawsbuck,Black 2,1378318607523778610
Emolga,Black 2,1378318607523778610
Karrablast,Black 2,1378318607523778610
Escavalier,Black 3,1378318973057237083
Foongus,Black 3,1378318973057237083
Amoonguss,Black 3,1378318973057237083
Frillish,Black 3,1378318973057237083
Jellicent,Black 3,1378318973057237083
Alomomola,Black 3,1378318973057237083
Joltik,Black 3,1378318973057237083
Galvantula,Black 3,1378318973057237083
Ferroseed,Black 3,1378318973057237083
Ferrothorn,Black 3,1378318973057237083
Klink,Black 3,1378318973057237083
Klang,Black 3,1378318973057237083
Klinklang,Black 3,1378318973057237083
Tynamo,Black 3,1378318973057237083
Eelektrik,Black 3,1378318973057237083
Eelektross,Black 3,1378318973057237083
Elgyem,Black 3,1378318973057237083
Beheeyem,Black 3,1378318973057237083
Litwick,Black 3,1378318973057237083
Lampent,Black 3,1378318973057237083
Chandelure,Black 3,1378318973057237083
Axew,Black 3,1378318973057237083
Fraxure,Black 3,1378318973057237083
Haxorus,Black 3,1378318973057237083
Cubchoo,Black 3,1378318973057237083
Beartic,Black 3,1378318973057237083
Cryogonal,Black 3,1378318973057237083
Shelmet,Black 3,1378318973057237083
Accelgor,Black 3,1378318973057237083
Stunfisk,Black 3,1378318973057237083
Mienfoo,Black 3,1378318973057237083
Mienshao,Black 3,1378318973057237083
Druddigon,Black 3,1378318973057237083
Golett,Black 3,1378318973057237083
Golurk,Black 3,1378318973057237083
Pawniard,Black 3,1378318973057237083
Bisharp,Black 3,1378318973057237083
Bouffalant,Black 3,1378318973057237083
Rufflet,Black 3,1378318973057237083
Braviary,Black 3,1378318973057237083
Vullaby,Black 3,1378318973057237083
Mandibuzz,Black 3,1378318973057237083
Heatmor,Black 3,1378318973057237083
Durant,Black 3,1378318973057237083
Deino,Black 3,1378318973057237083
Zweilous,Black 3,1378318973057237083
Hydreigon,Black 3,1378318973057237083
Larvesta,Black 3,1378318973057237083
Volcarona,Black 3,1378318973057237083
Cobalion,Black 3,1378318973057237083
Terrakion,Black 4,1378319227370475612
Virizion,Black 4,1378319227370475612
Tornadus,Black 4,1378319227370475612
Thundurus,Black 4,1378319227370475612
Reshiram,Black 4,1378319227370475612
Zekrom,Black 4,1378319227370475612
Landorus,Black 4,1378319227370475612
Kyurem,Black 4,1378319227370475612
Keldeo,Black 4,1378319227370475612
Meloetta,Black 4,1378319227370475612
Genesect,Black 4,1378319227370475612
Chespin,Black 4,1378319227370475612
Quilladin,Black 4,1378319227370475612
Chesnaught,Black 4,1378319227370475612
Fennekin,Black 4,1378319227370475612
Braixen,Black 4,1378319227370475612
Delphox,Black 4,1378319227370475612
Froakie,Black 4,1378319227370475612
Frogadier,Black 4,1378319227370475612
Greninja,Black 4,1378319227370475612
Bunnelby,Black 4,1378319227370475612
Diggersby,Black 4,1378319227370475612
Fletchling,Black 4,1378319227370475612
Fletchinder,Black 4,1378319227370475612
Talonflame,Black 4,1378319227370475612
Scatterbug,Black 4,1378319227370475612
Spewpa,Black 4,1378319227370475612
Vivillon,Black 4,1378319227370475612
Litleo,Black 4,1378319227370475612
Pyroar,Black 4,1378319227370475612
Flabébé,Black 4,1378319227370475612
Floette,Black 4,1378319227370475612
Florges,Black 4,1378319227370475612
Skiddo,Black 4,1378319227370475612
Gogoat,Black 4,1378319227370475612
Pancham,Black 4,1378319227370475612
Pangoro,Black 4,1378319227370475612
Furfrou,Black 4,1378319227370475612
Espurr,Black 4,1378319227370475612
Meowstic,Black 4,1378319227370475612
Honedge,Black 4,1378319227370475612
Doublade,Black 4,1378319227370475612
Aegislash,Black 4,1378319227370475612
Spritzee,Black 4,1378319227370475612
Aromatisse,Black 4,1378319227370475612
Swirlix,Black 4,1378319227370475612
Slurpuff,Black 4,1378319227370475612
Inkay,Black 4,1378319227370475612
Malamar,Black 4,1378319227370475612
Binacle,Black 4,1378319227370475612
Barbaracle,Black 5,1378319607282274426
Skrelp,Black 5,1378319607282274426
Dragalge,Black 5,1378319607282274426
Clauncher,Black 5,1378319607282274426
Clawitzer,Black 5,1378319607282274426
Helioptile,Black 5,1378319607282274426
Heliolisk,Black 5,1378319607282274426
Tyrunt,Black 5,1378319607282274426
Tyrantrum,Black 5,1378319607282274426
Amaura,Black 5,1378319607282274426
Aurorus,Black 5,1378319607282274426
Sylveon,Black 5,1378319607282274426
Hawlucha,Black 5,1378319607282274426
Dedenne,Black 5,1378319607282274426
Carbink,Black 5,1378319607282274426
Goomy,Black 5,1378319607282274426
Sliggoo,Black 5,1378319607282274426
Goodra,Black 5,1378319607282274426
Klefki,Black 5,1378319607282274426
Phantump,Black 5,1378319607282274426
Trevenant,Black 5,1378319607282274426
Pumpkaboo,Black 5,1378319607282274426
Gourgeist,Black 5,1378319607282274426
Bergmite,Black 5,1378319607282274426
Avalugg,Black 5,1378319607282274426
Noibat,Black 5,1378319607282274426
Noivern,Black 5,1378319607282274426
Xerneas,Black 5,1378319607282274426
Yveltal,Black 5,1378319607282274426
Zygarde,Black 5,1378319607282274426
Diancie,Black 5,1378319607282274426
Hoopa,Black 5,1378319607282274426
Volcanion,Black 5,1378319607282274426
Rowlet,Black 5,1378319607282274426
Dartrix,Black 5,1378319607282274426
Decidueye,Black 5,1378319607282274426
Litten,Black 5,1378319607282274426
Torracat,Black 5,1378319607282274426
Incineroar,Black 5,1378319607282274426
Popplio,Black 5,1378319607282274426
Brionne,Black 5,1378319607282274426
Primarina,Black 5,1378319607282274426
Pikipek,Black 5,1378319607282274426
Trumbeak,Black 5,1378319607282274426
Toucannon,Black 5,1378319607282274426
Yungoos,Black 5,1378319607282274426
Gumshoos,Black 5,1378319607282274426
Grubbin,Black 5,1378319607282274426
Charjabug,Black 5,1378319607282274426
Vikavolt,Black 5,1378319607282274426
Crabrawler,White 1,1378606565354897488
Crabominable,White 1,1378606565354897488
Oricorio,White 1,1378606565354897488
Cutiefly,White 1,1378606565354897488
Ribombee,White 1,1378606565354897488
Rockruff,White 1,1378606565354897488
Lycanroc,White 1,1378606565354897488
Wishiwashi,White 1,1378606565354897488
Mareanie,White 1,1378606565354897488
Toxapex,White 1,1378606565354897488
Mudbray,White 1,1378606565354897488
Mudsdale,White 1,1378606565354897488
Dewpider,White 1,1378606565354897488
Araquanid,White 1,1378606565354897488
Fomantis,White 1,1378606565354897488
Lurantis,White 1,1378606565354897488
Morelull,White 1,1378606565354897488
Shiinotic,White 1,1378606565354897488
Salandit,White 1,1378606565354897488
Salazzle,White 1,1378606565354897488
Stufful,White 1,1378606565354897488
Bewear,White 1,1378606565354897488
Bounsweet,White 1,1378606565354897488
Steenee,White 1,1378606565354897488
Tsareena,White 1,1378606565354897488
Comfey,White 1,1378606565354897488
Oranguru,White 1,1378606565354897488
Passimian,White 1,1378606565354897488
Wimpod,White 1,1378606565354897488
Golisopod,White 1,1378606565354897488
Sandygast,White 1,1378606565354897488
Palossand,White 1,1378606565354897488
Pyukumuku,White 1,1378606565354897488
Type: Null,White 1,1378606565354897488
Silvally,White 1,1378606565354897488
Minior,White 1,1378606565354897488
Komala,White 1,1378606565354897488
Turtonator,White 1,1378606565354897488
Togedemaru,White 1,1378606565354897488
Mimikyu,White 1,1378606565354897488
Bruxish,White 1,1378606565354897488
Drampa,White 1,1378606565354897488
Dhelmise,White 1,1378606565354897488
Jangmo-o,White 1,1378606565354897488
Hakamo-o,White 1,1378606565354897488
Kommo-o,White 1,1378606565354897488
Tapu Koko,White 1,1378606565354897488
Tapu Lele,White 1,1378606565354897488
Tapu Bulu,White 1,1378606565354897488
Tapu Fini,White 1,1378606565354897488
Cosmog,White 2,1378606821446783037
Cosmoem,White 2,1378606821446783037
Solgaleo,White 2,1378606821446783037
Lunala,White 2,1378606821446783037
Nihilego,White 2,1378606821446783037
Buzzwole,White 2,1378606821446783037
Pheromosa,White 2,1378606821446783037
Xurkitree,White 2,1378606821446783037
Celesteela,White 2,1378606821446783037
Kartana,White 2,1378606821446783037
Guzzlord,White 2,1378606821446783037
Necrozma,White 2,1378606821446783037
Magearna,White 2,1378606821446783037
Marshadow,White 2,1378606821446783037
Poipole,White 2,1378606821446783037
Naganadel,White 2,1378606821446783037
Stakataka,White 2,1378606821446783037
Blacephalon,White 2,1378606821446783037
Zeraora,White 2,1378606821446783037
Meltan,White 2,1378606821446783037
Melmetal,White 2,1378606821446783037
Grookey,White 2,1378606821446783037
Thwackey,White 2,1378606821446783037
Rillaboom,White 2,1378606821446783037
Scorbunny,White 2,1378606821446783037
Raboot,White 2,1378606821446783037
Cinderace,White 2,1378606821446783037
Sobble,White 2,1378606821446783037
Drizzile,White 2,1378606821446783037
Inteleon,White 2,1378606821446783037
Skwovet,White 2,1378606821446783037
Greedent,White 2,1378606821446783037
Rookidee,White 2,1378606821446783037
Corvisquire,White 2,1378606821446783037
Corviknight,White 2,1378606821446783037
Blipbug,White 2,1378606821446783037
Dottler,White 2,1378606821446783037
Orbeetle,White 2,1378606821446783037
Nickit,White 2,1378606821446783037
Thievul,White 2,1378606821446783037
Gossifleur,White 2,1378606821446783037
Eldegoss,White 2,1378606821446783037
Wooloo,White 2,1378606821446783037
Dubwool,White 2,1378606821446783037
Chewtle,White 2,1378606821446783037
Drednaw,White 2,1378606821446783037
Yamper,White 2,1378606821446783037
Boltund,White 2,1378606821446783037
Rolycoly,White 2,1378606821446783037
Carkol,White 2,1378606821446783037
Coalossal,White 3,1378607109444472842
Applin,White 3,1378607109444472842
Flapple,White 3,1378607109444472842
Appletun,White 3,1378607109444472842
Silicobra,White 3,1378607109444472842
Sandaconda,White 3,1378607109444472842
Cramorant,White 3,1378607109444472842
Arrokuda,White 3,1378607109444472842
Barraskewda,White 3,1378607109444472842
Toxel,White 3,1378607109444472842
Amped Toxtricity,White 3,1378607109444472842
Sizzlipede,White 3,1378607109444472842
Centiskorch,White 3,1378607109444472842
Clobbopus,White 3,1378607109444472842
Grapploct,White 3,1378607109444472842
Sinistea,White 3,1378607109444472842
Polteageist,White 3,1378607109444472842
Hatenna,White 3,1378607109444472842
Hattrem,White 3,1378607109444472842
Hatterene,White 3,1378607109444472842
Impidimp,White 3,1378607109444472842
Morgrem,White 3,1378607109444472842
Grimmsnarl,White 3,1378607109444472842
Obstagoon,White 3,1378607109444472842
Perrserker,White 3,1378607109444472842
Cursola,White 3,1378607109444472842
Sirfetch'd,White 3,1378607109444472842
Mr. Rime,White 3,1378607109444472842
Runerigus,White 3,1378607109444472842
Milcery,White 3,1378607109444472842
Alcremie,White 3,1378607109444472842
Falinks,White 3,1378607109444472842
Pincurchin,White 3,1378607109444472842
Snom,White 3,1378607109444472842
Frosmoth,White 3,1378607109444472842
Stonjourner,White 3,1378607109444472842
Eiscue,White 3,1378607109444472842
Indeedee,White 3,1378607109444472842
Morpeko,White 3,1378607109444472842
Cufant,White 3,1378607109444472842
Copperajah,White 3,1378607109444472842
Dracozolt,White 3,1378607109444472842
Arctozolt,White 3,1378607109444472842
Dracovish,White 3,1378607109444472842
Arctovish,White 3,1378607109444472842
Duraludon,White 3,1378607109444472842
Dreepy,White 3,1378607109444472842
Drakloak,White 3,1378607109444472842
Dragapult,White 3,1378607109444472842
Zacian,White 3,1378607109444472842
Zamazenta,White 4,1378607508654129152
Eternatus,White 4,1378607508654129152
Kubfu,White 4,1378607508654129152
Urshifu,White 4,1378607508654129152
Zarude,White 4,1378607508654129152
Regieleki,White 4,1378607508654129152
Regidrago,White 4,1378607508654129152
Glastrier,White 4,1378607508654129152
Spectrier,White 4,1378607508654129152
Calyrex,White 4,1378607508654129152
Wyrdeer,White 4,1378607508654129152
Kleavor,White 4,1378607508654129152
Ursaluna,White 4,1378607508654129152
Basculegion,White 4,1378607508654129152
Sneasler,White 4,1378607508654129152
Overqwil,White 4,1378607508654129152
Enamorus,White 4,1378607508654129152
Sprigatito,White 4,1378607508654129152
Floragato,White 4,1378607508654129152
Meowscarada,White 4,1378607508654129152
Fuecoco,White 4,1378607508654129152
Crocalor,White 4,1378607508654129152
Skeledirge,White 4,1378607508654129152
Quaxly,White 4,1378607508654129152
Quaxwell,White 4,1378607508654129152
Quaquaval,White 4,1378607508654129152
Lechonk,White 4,1378607508654129152
Oinkologne,White 4,1378607508654129152
Tarountula,White 4,1378607508654129152
Spidops,White 4,1378607508654129152
Nymble,White 4,1378607508654129152
Lokix,White 4,1378607508654129152
Pawmi,White 4,1378607508654129152
Pawmo,White 4,1378607508654129152
Pawmot,White 4,1378607508654129152
Tandemaus,White 4,1378607508654129152
Maushold,White 4,1378607508654129152
Fidough,White 4,1378607508654129152
Dachsbun,White 4,1378607508654129152
Smoliv,White 4,1378607508654129152
Dolliv,White 4,1378607508654129152
Arboliva,White 4,1378607508654129152
Squawkabilly,White 4,1378607508654129152
Nacli,White 4,1378607508654129152
Naclstack,White 4,1378607508654129152
Garganacl,White 4,1378607508654129152
Charcadet,White 4,1378607508654129152
Armarouge,White 4,1378607508654129152
Ceruledge,White 4,1378607508654129152
Tadbulb,White 4,1378607508654129152
Bellibolt,White 5,1378607766104702986
Wattrel,White 5,1378607766104702986
Kilowattrel,White 5,1378607766104702986
Maschiff,White 5,1378607766104702986
Mabosstiff,White 5,1378607766104702986
Shroodle,White 5,1378607766104702986
Grafaiai,White 5,1378607766104702986
Bramblin,White 5,1378607766104702986
Brambleghast,White 5,1378607766104702986
Toedscool,White 5,1378607766104702986
Toedscruel,White 5,1378607766104702986
Klawf,White 5,1378607766104702986
Capsakid,White 5,1378607766104702986
Scovillain,White 5,1378607766104702986
Rellor,White 5,1378607766104702986
Rabsca,White 5,1378607766104702986
Flittle,White 5,1378607766104702986
Espathra,White 5,1378607766104702986
Tinkatink,White 5,1378607766104702986
Tinkatuff,White 5,1378607766104702986
Tinkaton,White 5,1378607766104702986
Wiglett,White 5,1378607766104702986
Wugtrio,White 5,1378607766104702986
Bombirdier,White 5,1378607766104702986
Finizen,White 5,1378607766104702986
Palafin,White 5,1378607766104702986
Varoom,White 5,1378607766104702986
Revavroom,White 5,1378607766104702986
Cyclizar,White 5,1378607766104702986
Orthworm,White 5,1378607766104702986
Glimmet,White 5,1378607766104702986
Glimmora,White 5,1378607766104702986
Greavard,White 5,1378607766104702986
Houndstone,White 5,1378607766104702986
Flamigo,White 5,1378607766104702986
Cetoddle,White 5,1378607766104702986
Cetitan,White 5,1378607766104702986
Veluza,White 5,1378607766104702986
Dondozo,White 5,1378607766104702986
Tatsugiri,White 5,1378607766104702986
Annihilape,White 5,1378607766104702986
Clodsire,White 5,1378607766104702986
Farigiraf,White 5,1378607766104702986
Dudunsparce,White 5,1378607766104702986
Kingambit,White 5,1378607766104702986
Great Tusk,White 5,1378607766104702986
Scream Tail,White 5,1378607766104702986
Brute Bonnet,White 5,1378607766104702986
Flutter Mane,White 5,1378607766104702986
Slither Wing,White 5,1378607766104702986
Sandy Shocks,Neon A,1379036609697157171
Iron Treads,Neon A,1379036609697157171
Iron Bundle,Neon A,1379036609697157171
Iron Hands,Neon A,1379036609697157171
Iron Jugulis,Neon A,1379036609697157171
Iron Moth,Neon A,1379036609697157171
Iron Thorns,Neon A,1379036609697157171
Frigibax,Neon A,1379036609697157171
Arctibax,Neon A,1379036609697157171
Baxcalibur,Neon A,1379036609697157171
Gimmighoul,Neon A,1379036609697157171
Gholdengo,Neon A,1379036609697157171
Wo-Chien,Neon A,1379036609697157171
Chien-Pao,Neon A,1379036609697157171
Ting-Lu,Neon A,1379036609697157171
Chi-Yu,Neon A,1379036609697157171
Roaring Moon,Neon A,1379036609697157171
Iron Valiant,Neon A,1379036609697157171
Koraidon,Neon A,1379036609697157171
Miraidon,Neon A,1379036609697157171
Walking Wake,Neon A,1379036609697157171
Iron Leaves,Neon A,1379036609697157171
Dipplin,Neon A,1379036609697157171
Poltchageist,Neon A,1379036609697157171
Sinistcha,Neon A,1379036609697157171
Okidogi,Neon A,1379036609697157171
Munkidori,Neon A,1379036609697157171
Fezandipiti,Neon A,1379036609697157171
Ogerpon,Neon A,1379036609697157171
Archaludon,Neon A,1379036609697157171
Hydrapple,Neon A,1379036609697157171
Gouging Fire,Neon A,1379036609697157171
Raging Bolt,Neon A,1379036609697157171
Iron Boulder,Neon A,1379036609697157171
Iron Crown,Neon A,1379036609697157171
Terapagos,Neon A,1379036609697157171
Pecharunt,Neon A,1379036609697157171
Attack Deoxys,Neon A,1379036609697157171
Defense Deoxys,Neon A,1379036609697157171
Speed Deoxys,Neon A,1379036609697157171
Sandy Wormadam,Neon A,1379036609697157171
Trash Wormadam,Neon A,1379036609697157171
Sky Shaymin,Neon A,1379036609697157171
Origin Giratina,Neon A,1379036609697157171
Heat Rotom,Neon A,1379036609697157171
Wash Rotom,Neon A,1379036609697157171
Frost Rotom,Neon A,1379036609697157171
Fan Rotom,Neon A,1379036609697157171
Mow Rotom,Neon A,1379036609697157171
Sunny Castform,Neon A,1379036609697157171
Rainy Castform,Neon B,1379036884193509426
Snowy Castform,Neon B,1379036884193509426
Blue-Striped Basculin,Neon B,1379036884193509426
Zen Darmanitan,Neon B,1379036884193509426
Pirouette Meloetta,Neon B,1379036884193509426
Therian Tornadus,Neon B,1379036884193509426
Therian Thundurus,Neon B,1379036884193509426
Therian Landorus,Neon B,1379036884193509426
Black Kyurem,Neon B,1379036884193509426
White Kyurem,Neon B,1379036884193509426
Resolute Keldeo,Neon B,1379036884193509426
Blade Aegislash,Neon B,1379036884193509426
Mega Venusaur,Neon B,1379036884193509426
Mega Charizard X,Neon B,1379036884193509426
Mega Charizard Y,Neon B,1379036884193509426
Mega Blastoise,Neon B,1379036884193509426
Mega Alakazam,Neon B,1379036884193509426
Mega Gengar,Neon B,1379036884193509426
Mega Kangaskhan,Neon B,1379036884193509426
Mega Pinsir,Neon B,1379036884193509426
Mega Gyarados,Neon B,1379036884193509426
Mega Aerodactyl,Neon B,1379036884193509426
Mega Mewtwo X,Neon B,1379036884193509426
Mega Mewtwo Y,Neon B,1379036884193509426
Mega Ampharos,Neon B,1379036884193509426
Mega Scizor,Neon B,1379036884193509426
Mega Heracross,Neon B,1379036884193509426
Mega Houndoom,Neon B,1379036884193509426
Mega Tyranitar,Neon B,1379036884193509426
Mega Blaziken,Neon B,1379036884193509426
Mega Gardevoir,Neon B,1379036884193509426
Mega Mawile,Neon B,1379036884193509426
Mega Aggron,Neon B,1379036884193509426
Mega Medicham,Neon B,1379036884193509426
Mega Manectric,Neon B,1379036884193509426
Mega Banette,Neon B,1379036884193509426
Mega Absol,Neon B,1379036884193509426
Mega Garchomp,Neon B,1379036884193509426
Mega Lucario,Neon B,1379036884193509426
Mega Abomasnow,Neon B,1379036884193509426
Mega Latias,Neon B,1379036884193509426
Mega Latios,Neon B,1379036884193509426
Mega Swampert,Neon B,1379036884193509426
Mega Sceptile,Neon B,1379036884193509426
Mega Sableye,Neon B,1379036884193509426
Mega Altaria,Neon B,1379036884193509426
Mega Gallade,Neon B,1379036884193509426
Mega Audino,Neon B,1379036884193509426
Mega Sharpedo,Neon B,1379036884193509426
Mega Slowbro,Neon B,1379036884193509426
Mega Steelix,Neon C,1379037204625490010
Mega Pidgeot,Neon C,1379037204625490010
Mega Glalie,Neon C,1379037204625490010
Mega Diancie,Neon C,1379037204625490010
Mega Metagross,Neon C,1379037204625490010
Primal Kyogre,Neon C,1379037204625490010
Primal Groudon,Neon C,1379037204625490010
Mega Rayquaza,Neon C,1379037204625490010
Hoopa Unbound,Neon C,1379037204625490010
Mega Camerupt,Neon C,1379037204625490010
Mega Lopunny,Neon C,1379037204625490010
Mega Salamence,Neon C,1379037204625490010
Mega Beedrill,Neon C,1379037204625490010
Alolan Rattata,Neon C,1379037204625490010
Alolan Raticate,Neon C,1379037204625490010
Alolan Raichu,Neon C,1379037204625490010
Alolan Sandshrew,Neon C,1379037204625490010
Alolan Sandslash,Neon C,1379037204625490010
Alolan Vulpix,Neon C,1379037204625490010
Alolan Ninetales,Neon C,1379037204625490010
Alolan Diglett,Neon C,1379037204625490010
Alolan Dugtrio,Neon C,1379037204625490010
Alolan Meowth,Neon C,1379037204625490010
Alolan Persian,Neon C,1379037204625490010
Alolan Geodude,Neon C,1379037204625490010
Alolan Graveler,Neon C,1379037204625490010
Alolan Golem,Neon C,1379037204625490010
Alolan Grimer,Neon C,1379037204625490010
Alolan Muk,Neon C,1379037204625490010
Alolan Exeggutor,Neon C,1379037204625490010
Alolan Marowak,Neon C,1379037204625490010
10% Zygarde,Neon C,1379037204625490010
Complete Zygarde,Neon C,1379037204625490010
Pom-pom Oricorio,Neon C,1379037204625490010
Pa'u Oricorio,Neon C,1379037204625490010
Sensu Oricorio,Neon C,1379037204625490010
Midnight Lycanroc,Neon C,1379037204625490010
School Wishiwashi,Neon C,1379037204625490010
Red Meteor Minior,Neon C,1379037204625490010
Orange Meteor Minior,Neon C,1379037204625490010
Yellow Meteor Minior,Neon C,1379037204625490010
Green Meteor Minior,Neon C,1379037204625490010
Blue Meteor Minior,Neon C,1379037204625490010
Indigo Meteor Minior,Neon C,1379037204625490010
Violet Meteor Minior,Neon C,1379037204625490010
Red Core Minior,Neon C,1379037204625490010
Orange Core Minior,Neon C,1379037204625490010
Yellow Core Minior,Neon C,1379037204625490010
Green Core Minior,Neon C,1379037204625490010
Blue Core Minior,Neon C,1379037204625490010
Indigo Core Minior,Neon D,1379037460696272906
Original Magearna,Neon D,1379037460696272906
Dusk Lycanroc,Neon D,1379037460696272906
Dusk Mane Necrozma,Neon D,1379037460696272906
Dawn Wings Necrozma,Neon D,1379037460696272906
Ultra Necrozma,Neon D,1379037460696272906
Galarian Meowth,Neon D,1379037460696272906
Galarian Ponyta,Neon D,1379037460696272906
Galarian Rapidash,Neon D,1379037460696272906
Galarian Slowpoke,Neon D,1379037460696272906
Galarian Slowbro,Neon D,1379037460696272906
Galarian Farfetch'd,Neon D,1379037460696272906
Galarian Weezing,Neon D,1379037460696272906
Galarian Mr. Mime,Neon D,1379037460696272906
Galarian Articuno,Neon D,1379037460696272906
Galarian Zapdos,Neon D,1379037460696272906
Galarian Moltres,Neon D,1379037460696272906
Galarian Slowking,Neon D,1379037460696272906
Galarian Corsola,Neon D,1379037460696272906
Galarian Zigzagoon,Neon D,1379037460696272906
Galarian Linoone,Neon D,1379037460696272906
Galarian Darumaka,Neon D,1379037460696272906
Galarian Darmanitan,Neon D,1379037460696272906
Galarian Zen Darmanitan,Neon D,1379037460696272906
Galarian Yamask,Neon D,1379037460696272906
Galarian Stunfisk,Neon D,1379037460696272906
Low Key Toxtricity,Neon D,1379037460696272906
Noice Face Eiscue,Neon D,1379037460696272906
Crowned Zacian,Neon D,1379037460696272906
Crowned Zamazenta,Neon D,1379037460696272906
Rapid Strike Urshifu,Neon D,1379037460696272906
Ice Rider Calyrex,Neon D,1379037460696272906
Shadow Rider Calyrex,Neon D,1379037460696272906
Gigantamax Venusaur,Neon D,1379037460696272906
Gigantamax Charizard,Neon D,1379037460696272906
Gigantamax Blastoise,Neon D,1379037460696272906
Gigantamax Butterfree,Neon D,1379037460696272906
Gigantamax Pikachu,Neon D,1379037460696272906
Gigantamax Meowth,Neon D,1379037460696272906
Gigantamax Machamp,Neon D,1379037460696272906
Gigantamax Gengar,Neon D,1379037460696272906
Gigantamax Kingler,Neon D,1379037460696272906
Gigantamax Lapras,Neon D,1379037460696272906
Gigantamax Eevee,Neon D,1379037460696272906
Gigantamax Snorlax,Neon D,1379037460696272906
Gigantamax Garbodor,Neon D,1379037460696272906
Gigantamax Melmetal,Neon D,1379037460696272906
Gigantamax Rillaboom,Neon D,1379037460696272906
Gigantamax Cinderace,Neon D,1379037460696272906
Gigantamax Inteleon,Neon D,1379037460696272906
Gigantamax Corviknight,Neon E,1379037714208264233
Gigantamax Orbeetle,Neon E,1379037714208264233
Gigantamax Drednaw,Neon E,1379037714208264233
Gigantamax Coalossal,Neon E,1379037714208264233
Gigantamax Flapple,Neon E,1379037714208264233
Gigantamax Appletun,Neon E,1379037714208264233
Gigantamax Sandaconda,Neon E,1379037714208264233
Gigantamax Amped Toxtricity,Neon E,1379037714208264233
Gigantamax Centiskorch,Neon E,1379037714208264233
Gigantamax Hatterene,Neon E,1379037714208264233
Gigantamax Grimmsnarl,Neon E,1379037714208264233
Gigantamax Alcremie,Neon E,1379037714208264233
Gigantamax Copperajah,Neon E,1379037714208264233
Gigantamax Duraludon,Neon E,1379037714208264233
Eternamax Eternatus,Neon E,1379037714208264233
Gigantamax Single Strike Urshifu,Neon E,1379037714208264233
Gigantamax Rapid Strike Urshifu,Neon E,1379037714208264233
Gigantamax Low Key Toxtricity,Neon E,1379037714208264233
Hisuian Growlithe,Neon E,1379037714208264233
Hisuian Arcanine,Neon E,1379037714208264233
Hisuian Voltorb,Neon E,1379037714208264233
Hisuian Electrode,Neon E,1379037714208264233
Hisuian Typhlosion,Neon E,1379037714208264233
Hisuian Qwilfish,Neon E,1379037714208264233
Hisuian Sneasel,Neon E,1379037714208264233
Hisuian Samurott,Neon E,1379037714208264233
Hisuian Lilligant,Neon E,1379037714208264233
Hisuian Zorua,Neon E,1379037714208264233
Hisuian Zoroark,Neon E,1379037714208264233
Hisuian Braviary,Neon E,1379037714208264233
Hisuian Sliggoo,Neon E,1379037714208264233
Hisuian Goodra,Neon E,1379037714208264233
Hisuian Avalugg,Neon E,1379037714208264233
Hisuian Decidueye,Neon E,1379037714208264233
Origin Palkia,Neon E,1379037714208264233
Origin Dialga,Neon E,1379037714208264233
Partner Pikachu,Neon E,1379037714208264233
Partner Eevee,Neon E,1379037714208264233
Gulping Cramorant,Neon E,1379037714208264233
Gorging Cramorant,Neon E,1379037714208264233
Hangry Morpeko,Neon E,1379037714208264233
Dada Zarude,Neon E,1379037714208264233
White-Striped Basculin,Neon E,1379037714208264233
Therian Enamorus,Neon E,1379037714208264233
Combat Breed Tauros,Neon E,1379037714208264233
Blaze Breed Tauros,Neon E,1379037714208264233
Aqua Breed Tauros,Neon E,1379037714208264233
Paldean Wooper,Neon E,1379037714208264233
Three-Segment Dudunsparce,Neon E,1379037714208264233
Hero Palafin,Neon E,1379037714208264233
Family of Three Maushold,Friends Forever,1210554436511072328
Droopy Tatsugiri,Friends Forever,1210554436511072328
Stretchy Tatsugiri,Friends Forever,1210554436511072328
Blue Plumage Squawkabilly,Friends Forever,1210554436511072328
Yellow Plumage Squawkabilly,Friends Forever,1210554436511072328
White Plumage Squawkabilly,Friends Forever,1210554436511072328
Roaming Gimmighoul,Friends Forever,1210554436511072328
Sprinting Build Koraidon,Friends Forever,1210554436511072328
Gliding Build Koraidon,Friends Forever,1210554436511072328
Drive Mode Miraidon,Friends Forever,1210554436511072328
Glide Mode Miraidon,Friends Forever,1210554436511072328
Bloodmoon Ursaluna,Friends Forever,1210554436511072328
Wellspring Mask Ogerpon,Friends Forever,1210554436511072328
Hearthflame Mask Ogerpon,Friends Forever,1210554436511072328
Cornerstone Mask Ogerpon,Friends Forever,1210554436511072328
Terastal Terapagos,Friends Forever,1210554436511072328
Unown A,Friends Forever,1210554436511072328
Unown B,Friends Forever,1210554436511072328
Unown C,Friends Forever,1210554436511072328
Unown D,Friends Forever,1210554436511072328
Unown E,Friends Forever,1210554436511072328
Unown G,Friends Forever,1210554436511072328
Unown H,Friends Forever,1210554436511072328
Unown I,Friends Forever,1210554436511072328
Unown J,Friends Forever,1210554436511072328
Unown K,Friends Forever,1210554436511072328
Unown L,Friends Forever,1210554436511072328
Unown M,Friends Forever,1210554436511072328
Unown N,Friends Forever,1210554436511072328
Unown O,Friends Forever,1210554436511072328
Unown P,Friends Forever,1210554436511072328
Unown Q,Friends Forever,1210554436511072328
Unown R,Friends Forever,1210554436511072328
Unown S,Friends Forever,1210554436511072328
Unown T,Friends Forever,1210554436511072328
Unown U,Friends Forever,1210554436511072328
Unown V,Friends Forever,1210554436511072328
Unown W,Friends Forever,1210554436511072328
Unown X,Friends Forever,1210554436511072328
Unown Y,Friends Forever,1210554436511072328
Unown Z,Friends Forever,1210554436511072328
Unown Exclamation,Friends Forever,1210554436511072328
Unown Question,Friends Forever,1210554436511072328
Yellow Flower Flabébé,Friends Forever,1210554436511072328
Orange Flower Flabébé,Friends Forever,1210554436511072328
Blue Flower Flabébé,Friends Forever,1210554436511072328
White Flower Flabébé,Friends Forever,1210554436511072328
Yellow Flower Floette,Friends Forever,1210554436511072328
Orange Flower Floette,Shinchan's garden,1194903553899237477
Blue Flower Floette,Shinchan's garden,1194903553899237477
White Flower Floette,Shinchan's garden,1194903553899237477
Yellow Flower Florges,Shinchan's garden,1194903553899237477
Orange Flower Florges,Shinchan's garden,1194903553899237477
Blue Flower Florges,Shinchan's garden,1194903553899237477
White Flower Florges,Shinchan's garden,1194903553899237477
Spiky-eared Pichu,Shinchan's garden,1194903553899237477
Sunshine Cherrim,Shinchan's garden,1194903553899237477
East Sea Shellos,Shinchan's garden,1194903553899237477
East Sea Gastrodon,Shinchan's garden,1194903553899237477
Icy Snow Vivillon,Shinchan's garden,1194903553899237477
Polar Vivillon,Shinchan's garden,1194903553899237477
Tundra Vivillon,Shinchan's garden,1194903553899237477
Continental Vivillon,Shinchan's garden,1194903553899237477
Garden Vivillon,Shinchan's garden,1194903553899237477
Elegant Vivillon,Shinchan's garden,1194903553899237477
Modern Vivillon,Shinchan's garden,1194903553899237477
Marine Vivillon,Shinchan's garden,1194903553899237477
Archipelago Vivillon,Shinchan's garden,1194903553899237477
High Plain Vivillon,Shinchan's garden,1194903553899237477
Sandstorm Vivillon,Shinchan's garden,1194903553899237477
River Vivillon,Shinchan's garden,1194903553899237477
Monsoon Vivillon,Shinchan's garden,1194903553899237477
Savanna Vivillon,Shinchan's garden,1194903553899237477
Sun Vivillon,Shinchan's garden,1194903553899237477
Ocean Vivillon,Shinchan's garden,1194903553899237477
Jungle Vivillon,Shinchan's garden,1194903553899237477
Fancy Vivillon,Shinchan's garden,1194903553899237477
Poké Ball Vivillon,Shinchan's garden,1194903553899237477
Summer Deerling,Shinchan's garden,1194903553899237477
Autumn Deerling,Shinchan's garden,1194903553899237477
Winter Deerling,Shinchan's garden,1194903553899237477
Summer Sawsbuck,Shinchan's garden,1194903553899237477
Autumn Sawsbuck,Shinchan's garden,1194903553899237477
Winter Sawsbuck,Shinchan's garden,1194903553899237477
Neutral Xerneas,Shinchan's garden,1194903553899237477
Bug Arceus,Shinchan's garden,1194903553899237477
Dark Arceus,Shinchan's garden,1194903553899237477
Dragon Arceus,Shinchan's garden,1194903553899237477
Electric Arceus,Shinchan's garden,1194903553899237477
Fighting Arceus,Shinchan's garden,1194903553899237477
Fire Arceus,Shinchan's garden,1194903553899237477
Flying Arceus,White Devil,1210894845410017380
Ghost Arceus,White Devil,1210894845410017380
Grass Arceus,White Devil,1210894845410017380
Ground Arceus,White Devil,1210894845410017380
Ice Arceus,White Devil,1210894845410017380
Poison Arceus,White Devil,1210894845410017380
Psychic Arceus,White Devil,1210894845410017380
Rock Arceus,White Devil,1210894845410017380
Steel Arceus,White Devil,1210894845410017380
Water Arceus,White Devil,1210894845410017380
Fairy Arceus,White Devil,1210894845410017380
Bug Silvally,White Devil,1210894845410017380
Dark Silvally,White Devil,1210894845410017380
Dragon Silvally,White Devil,1210894845410017380
Electric Silvally,White Devil,1210894845410017380
Fighting Silvally,White Devil,1210894845410017380
Fire Silvally,White Devil,1210894845410017380
Flying Silvally,White Devil,1210894845410017380
Ghost Silvally,White Devil,1210894845410017380
Grass Silvally,White Devil,1210894845410017380
Ground Silvally,White Devil,1210894845410017380
Ice Silvally,White Devil,1210894845410017380
Poison Silvally,White Devil,1210894845410017380
Psychic Silvally,White Devil,1210894845410017380
Rock Silvally,White Devil,1210894845410017380
Steel Silvally,White Devil,1210894845410017380
Water Silvally,White Devil,1210894845410017380
Fairy Silvally,White Devil,1210894845410017380
Heart Trim Furfrou,White Devil,1210894845410017380
Star Trim Furfrou,White Devil,1210894845410017380
Diamond Trim Furfrou,White Devil,1210894845410017380
Debutante Trim Furfrou,White Devil,1210894845410017380
Matron Trim Furfrou,White Devil,1210894845410017380
Dandy Trim Furfrou,White Devil,1210894845410017380
La Reine Trim Furfrou,White Devil,1210894845410017380
Kabuki Trim Furfrou,White Devil,1210894845410017380
Pharaoh Trim Furfrou,White Devil,1210894845410017380
Vanilla Cream Berry Sweet Alcremie,White Devil,1210894845410017380
Vanilla Cream Love Sweet Alcremie,White Devil,1210894845410017380
Vanilla Cream Star Sweet Alcremie,White Devil,1210894845410017380
Vanilla Cream Clover Sweet Alcremie,White Devil,1210894845410017380
Vanilla Cream Flower Sweet Alcremie,White Devil,1210894845410017380
Vanilla Cream Ribbon Sweet Alcremie,White Devil,1210894845410017380
Sandy Burmy,Jessie dreamland,1195296427916673105
Trash Burmy,Jessie dreamland,1195296427916673105
Zygarde Cell,Jessie dreamland,1195296427916673105
Zygarde Core,Jessie dreamland,1195296427916673105
Zenith Marshadow,Jessie dreamland,1195296427916673105
Battle Cyclizar,Jessie dreamland,1195296427916673105
Ride Cyclizar,Jessie dreamland,1195296427916673105
High-speed Flight Configuration Genesect,Jessie dreamland,1195296427916673105
Rotom Pokédex,Jessie dreamland,1195296427916673105
Rotom Phone,Jessie dreamland,1195296427916673105
Rotom Drone,Jessie dreamland,1195296427916673105
Violet Core Minior,Jessie dreamland,1195296427916673105
